Data,Último,Abertura,Máxima,Mínima,Var%
02.02.2012,6.1,6.1,6.1,6.1,0.33
03.02.2012,5.96,5.96,5.96,5.96,-2.3
04.02.2012,5.87,5.87,5.87,5.87,-1.51
05.02.2012,5.69,5.69,5.69,5.69,-3.07
06.02.2012,5.45,5.45,5.45,5.45,-4.22
07.02.2012,5.69,5.69,5.69,5.69,4.4
08.02.2012,5.6,5.6,5.6,5.6,-1.58
09.02.2012,5.83,5.83,5.83,5.83,4.11
10.02.2012,5.91,5.91,5.91,5.91,1.37
11.02.2012,5.6,5.6,5.6,5.6,-5.25
12.02.2012,5.51,5.51,5.51,5.51,-1.61
13.02.2012,5.26,5.26,5.26,5.26,-4.54
14.02.2012,4.46,4.46,4.46,4.46,-15.21
15.02.2012,4.33,4.33,4.33,4.33,-2.91
16.02.2012,4.27,4.27,4.27,4.27,-1.39
17.02.2012,4.41,4.41,4.41,4.41,3.28
18.02.2012,4.22,4.22,4.22,4.22,-4.31
19.02.2012,4.39,4.39,4.39,4.39,4.03
20.02.2012,4.36,4.36,4.36,4.36,-0.68
21.02.2012,4.27,4.27,4.27,4.27,-2.06
22.02.2012,4.42,4.42,4.42,4.42,3.51
23.02.2012,5.01,5.01,5.01,5.01,13.35
24.02.2012,5.03,5.03,5.03,5.03,0.4
25.02.2012,4.77,4.77,4.77,4.77,-5.17
26.02.2012,4.92,4.92,4.92,4.92,3.14
27.02.2012,4.96,4.96,4.96,4.96,0.81
28.02.2012,4.87,4.87,4.87,4.87,-1.81
29.02.2012,4.86,4.86,4.86,4.86,-0.21
01.03.2012,4.92,4.92,4.92,4.92,1.23
02.03.2012,4.7,4.7,4.7,4.7,-4.47
03.03.2012,4.61,4.61,4.61,4.61,-1.91
04.03.2012,4.82,4.82,4.82,4.82,4.56
05.03.2012,4.98,4.98,4.98,4.98,3.32
06.03.2012,4.99,4.99,4.99,4.99,0.2
07.03.2012,4.94,4.94,4.94,4.94,-1
08.03.2012,4.93,4.93,4.93,4.93,-0.2
09.03.2012,4.86,4.86,4.86,4.86,-1.42
10.03.2012,4.83,4.83,4.83,4.83,-0.62
11.03.2012,4.91,4.91,4.91,4.91,1.66
12.03.2012,4.89,4.89,4.89,4.89,-0.41
13.03.2012,5.27,5.27,5.27,5.27,7.77
14.03.2012,5.38,5.38,5.38,5.38,2.09
15.03.2012,5.33,5.33,5.33,5.33,-0.93
16.03.2012,5.34,5.34,5.34,5.34,0.19
17.03.2012,5.22,5.22,5.22,5.22,-2.25
18.03.2012,5.28,5.28,5.28,5.28,1.15
19.03.2012,4.69,4.69,4.69,4.69,-11.17
20.03.2012,4.84,4.84,4.84,4.84,3.2
21.03.2012,4.81,4.81,4.81,4.81,-0.62
22.03.2012,4.7,4.7,4.7,4.7,-2.29
23.03.2012,4.69,4.69,4.69,4.69,-0.21
24.03.2012,4.68,4.68,4.68,4.68,-0.21
25.03.2012,4.55,4.55,4.55,4.55,-2.78
26.03.2012,4.62,4.62,4.62,4.62,1.54
27.03.2012,4.81,4.81,4.81,4.81,4.11
28.03.2012,4.79,4.79,4.79,4.79,-0.42
29.03.2012,4.81,4.81,4.81,4.81,0.42
30.03.2012,4.86,4.86,4.86,4.86,1.04
31.03.2012,4.91,4.91,4.91,4.91,1.03
01.04.2012,4.83,4.83,4.83,4.83,-1.63
02.04.2012,4.97,4.97,4.97,4.97,2.9
03.04.2012,4.95,4.95,4.95,4.95,-0.4
04.04.2012,4.91,4.91,4.91,4.91,-0.81
05.04.2012,4.92,4.92,4.92,4.92,0.2
06.04.2012,4.95,4.95,4.95,4.95,0.61
07.04.2012,4.69,4.69,4.69,4.69,-5.25
08.04.2012,4.79,4.79,4.79,4.79,2.13
09.04.2012,4.87,4.87,4.87,4.87,1.67
10.04.2012,4.84,4.84,4.84,4.84,-0.62
11.04.2012,4.93,4.93,4.93,4.93,1.86
12.04.2012,4.92,4.92,4.92,4.92,-0.2
13.04.2012,4.94,4.94,4.94,4.94,0.41
14.04.2012,4.96,4.96,4.96,4.96,0.4
15.04.2012,4.97,4.97,4.97,4.97,0.2
16.04.2012,4.93,4.93,4.93,4.93,-0.8
17.04.2012,4.98,4.98,4.98,4.98,1.01
18.04.2012,5.12,5.12,5.12,5.12,2.81
19.04.2012,5.14,5.14,5.14,5.14,0.39
20.04.2012,5.35,5.35,5.35,5.35,4.09
21.04.2012,5.26,5.26,5.26,5.26,-1.68
22.04.2012,5.2,5.2,5.2,5.2,-1.14
23.04.2012,4.96,4.96,4.96,4.96,-4.62
24.04.2012,5.1,5.1,5.1,5.1,2.82
25.04.2012,5.13,5.13,5.13,5.13,0.59
26.04.2012,5.1,5.1,5.1,5.1,-0.58
27.04.2012,5.11,5.11,5.11,5.11,0.2
28.04.2012,4.98,4.98,4.98,4.98,-2.54
29.04.2012,4.9,4.9,4.9,4.9,-1.61
30.04.2012,4.95,4.95,4.95,4.95,1.02
01.05.2012,5,5,5,5,1.01
02.05.2012,5.07,5.07,5.07,5.07,1.4
03.05.2012,5.13,5.13,5.13,5.13,1.18
04.05.2012,5.07,5.07,5.07,5.07,-1.17
05.05.2012,5.08,5.08,5.08,5.08,0.2
06.05.2012,5.05,5.05,5.05,5.05,-0.59
07.05.2012,5.06,5.06,5.06,5.06,0.2
08.05.2012,5.05,5.05,5.05,5.05,-0.2
09.05.2012,5.04,5.04,5.04,5.04,-0.2
10.05.2012,4.85,4.85,4.85,4.85,-3.77
11.05.2012,4.96,4.96,4.96,4.96,2.27
12.05.2012,4.95,4.95,4.95,4.95,-0.2
13.05.2012,4.93,4.93,4.93,4.93,-0.4
14.05.2012,5.01,5.01,5.01,5.01,1.62
15.05.2012,5.03,5.03,5.03,5.03,0.4
16.05.2012,5.09,5.09,5.09,5.09,1.19
17.05.2012,5.1,5.1,5.1,5.1,0.2
18.05.2012,5.12,5.12,5.12,5.12,0.39
19.05.2012,5.1,5.1,5.1,5.1,-0.39
20.05.2012,5.09,5.09,5.09,5.09,-0.2
21.05.2012,5.1,5.1,5.1,5.1,0.2
22.05.2012,5.1,5.1,5.1,5.1,0
23.05.2012,5.14,5.14,5.14,5.14,0.78
24.05.2012,5.12,5.12,5.12,5.12,-0.39
25.05.2012,5.15,5.15,5.15,5.15,0.59
26.05.2012,5.1,5.1,5.1,5.1,-0.97
27.05.2012,5.14,5.14,5.14,5.14,0.78
28.05.2012,5.14,5.14,5.14,5.14,0
29.05.2012,5.15,5.15,5.15,5.15,0.19
30.05.2012,5.13,5.13,5.13,5.13,-0.39
31.05.2012,5.18,5.18,5.18,5.18,0.97
01.06.2012,5.27,5.27,5.27,5.27,1.74
02.06.2012,5.25,5.25,5.25,5.25,-0.38
03.06.2012,5.21,5.21,5.21,5.21,-0.76
04.06.2012,5.27,5.27,5.27,5.27,1.15
05.06.2012,5.44,5.44,5.44,5.44,3.23
06.06.2012,5.46,5.46,5.46,5.46,0.37
07.06.2012,5.59,5.59,5.59,5.59,2.38
08.06.2012,5.63,5.63,5.63,5.63,0.72
09.06.2012,5.56,5.56,5.56,5.56,-1.24
10.06.2012,5.47,5.47,5.47,5.47,-1.62
11.06.2012,5.57,5.57,5.57,5.57,1.83
12.06.2012,5.7,5.7,5.7,5.7,2.33
13.06.2012,5.93,5.93,5.93,5.93,4.04
14.06.2012,5.95,5.95,5.95,5.95,0.34
15.06.2012,6.5,6.5,6.5,6.5,9.24
16.06.2012,6.4,6.4,6.4,6.4,-1.54
17.06.2012,6.16,6.16,6.16,6.16,-3.75
18.06.2012,6.31,6.31,6.31,6.31,2.44
19.06.2012,6.5,6.5,6.5,6.5,3.01
20.06.2012,6.67,6.67,6.67,6.67,2.62
21.06.2012,6.68,6.68,6.68,6.68,0.15
22.06.2012,6.55,6.55,6.55,6.55,-1.95
23.06.2012,6.43,6.43,6.43,6.43,-1.83
24.06.2012,6.35,6.35,6.35,6.35,-1.24
25.06.2012,6.3,6.3,6.3,6.3,-0.79
26.06.2012,6.42,6.42,6.42,6.42,1.9
27.06.2012,6.65,6.65,6.65,6.65,3.58
28.06.2012,6.61,6.61,6.61,6.61,-0.6
29.06.2012,6.65,6.65,6.65,6.65,0.61
30.06.2012,6.69,6.69,6.69,6.69,0.6
01.07.2012,6.63,6.63,6.63,6.63,-0.9
02.07.2012,6.76,6.76,6.76,6.76,1.96
03.07.2012,6.45,6.45,6.45,6.45,-4.59
04.07.2012,6.51,6.51,6.51,6.51,0.93
05.07.2012,6.67,6.67,6.67,6.67,2.46
06.07.2012,6.65,6.65,6.65,6.65,-0.3
07.07.2012,6.76,6.76,6.76,6.76,1.65
08.07.2012,6.8,6.8,6.8,6.8,0.59
09.07.2012,7.02,7.02,7.02,7.02,3.24
10.07.2012,7.2,7.2,7.2,7.2,2.56
11.07.2012,7.15,7.15,7.15,7.15,-0.69
12.07.2012,7.76,7.76,7.76,7.76,8.53
13.07.2012,7.67,7.67,7.67,7.67,-1.16
14.07.2012,7.54,7.54,7.54,7.54,-1.69
15.07.2012,7.62,7.62,7.62,7.62,1.06
16.07.2012,8.5,8.5,8.5,8.5,11.55
17.07.2012,8.8,8.8,8.8,8.8,3.53
18.07.2012,9.11,9.11,9.11,9.11,3.52
19.07.2012,8.87,8.87,8.87,8.87,-2.63
20.07.2012,8.52,8.52,8.52,8.52,-3.95
21.07.2012,8.85,8.85,8.85,8.85,3.87
22.07.2012,8.41,8.41,8.41,8.41,-4.97
23.07.2012,8.45,8.45,8.45,8.45,0.48
24.07.2012,8.6,8.6,8.6,8.6,1.78
25.07.2012,8.8,8.8,8.8,8.8,2.33
26.07.2012,8.9,8.9,8.9,8.9,1.14
27.07.2012,8.9,8.9,8.9,8.9,0
28.07.2012,8.89,8.89,8.89,8.89,-0.11
29.07.2012,8.71,8.71,8.71,8.71,-2.02
30.07.2012,9.1,9.1,9.1,9.1,4.48
31.07.2012,9.35,9.35,9.35,9.35,2.75
01.08.2012,9.55,9.55,9.55,9.55,2.14
02.08.2012,10.53,10.53,10.53,10.53,10.26
03.08.2012,10.97,10.97,10.97,10.97,4.18
04.08.2012,10.98,10.98,10.98,10.98,0.09
05.08.2012,10.87,10.87,10.87,10.87,-1
06.08.2012,10.86,10.86,10.86,10.86,-0.09
07.08.2012,11.1,11.1,11.1,11.1,2.21
08.08.2012,11.06,11.06,11.06,11.06,-0.36
09.08.2012,11.06,11.06,11.06,11.06,0
10.08.2012,11.39,11.39,11.39,11.39,2.98
11.08.2012,11.51,11.51,11.51,11.51,1.05
12.08.2012,11.62,11.62,11.62,11.62,0.96
13.08.2012,12.04,12.04,12.04,12.04,3.61
14.08.2012,12.19,12.19,12.19,12.19,1.25
15.08.2012,13.25,13.25,13.25,13.25,8.7
16.08.2012,13.5,13.5,13.5,13.5,1.89
17.08.2012,11.58,11.58,11.58,11.58,-14.22
18.08.2012,11.61,11.61,11.61,11.61,0.26
19.08.2012,8,8,8,8,-31.09
20.08.2012,10.1,10.1,10.1,10.1,26.25
21.08.2012,9.91,9.91,9.91,9.91,-1.88
22.08.2012,9.81,9.81,9.81,9.81,-1.01
23.08.2012,10.1,10.1,10.1,10.1,2.96
24.08.2012,10.6,10.6,10.6,10.6,4.95
25.08.2012,10.52,10.52,10.52,10.52,-0.75
26.08.2012,10.61,10.61,10.61,10.61,0.86
27.08.2012,10.95,10.95,10.95,10.95,3.2
28.08.2012,10.94,10.94,10.94,10.94,-0.09
29.08.2012,10.92,10.92,10.92,10.92,-0.18
30.08.2012,10.78,10.78,10.78,10.78,-1.28
31.08.2012,10.16,10.16,10.16,10.16,-5.75
01.09.2012,9.97,9.97,9.97,9.97,-1.87
02.09.2012,10.2,10.2,10.2,10.2,2.31
03.09.2012,10.53,10.53,10.53,10.53,3.24
04.09.2012,10.38,10.38,10.38,10.38,-1.42
05.09.2012,11,11,11,11,5.97
06.09.2012,11.18,11.18,11.18,11.18,1.64
07.09.2012,11,11,11,11,-1.61
08.09.2012,11.04,11.04,11.04,11.04,0.36
09.09.2012,11.02,11.02,11.02,11.02,-0.18
10.09.2012,11.17,11.17,11.17,11.17,1.36
11.09.2012,11.33,11.33,11.33,11.33,1.43
12.09.2012,11.36,11.36,11.36,11.36,0.26
13.09.2012,11.4,11.4,11.4,11.4,0.35
14.09.2012,11.67,11.67,11.67,11.67,2.37
15.09.2012,11.75,11.75,11.75,11.75,0.69
16.09.2012,11.87,11.87,11.87,11.87,1.02
17.09.2012,11.89,11.89,11.89,11.89,0.17
18.09.2012,12.25,12.25,12.25,12.25,3.03
19.09.2012,12.57,12.57,12.57,12.57,2.61
20.09.2012,12.28,12.28,12.28,12.28,-2.31
21.09.2012,12.37,12.37,12.37,12.37,0.73
22.09.2012,12.24,12.24,12.24,12.24,-1.05
23.09.2012,12.19,12.19,12.19,12.19,-0.41
24.09.2012,12.1,12.1,12.1,12.1,-0.74
25.09.2012,12.2,12.2,12.2,12.2,0.83
26.09.2012,12.27,12.27,12.27,12.27,0.57
27.09.2012,12.31,12.31,12.31,12.31,0.33
28.09.2012,12.39,12.39,12.39,12.39,0.65
29.09.2012,12.36,12.36,12.36,12.36,-0.24
30.09.2012,12.4,12.4,12.4,12.4,0.32
01.10.2012,12.4,12.4,12.4,12.4,0
02.10.2012,12.84,12.84,12.84,12.84,3.55
03.10.2012,12.89,12.89,12.89,12.89,0.39
04.10.2012,12.85,12.85,12.85,12.85,-0.31
05.10.2012,12.69,12.69,12.69,12.69,-1.25
06.10.2012,12.5,12.5,12.5,12.5,-1.5
07.10.2012,11.8,11.8,11.8,11.8,-5.6
08.10.2012,11.78,11.78,11.78,11.78,-0.17
09.10.2012,11.89,11.89,11.89,11.89,0.93
10.10.2012,12.12,12.12,12.12,12.12,1.93
11.10.2012,12.03,12.03,12.03,12.03,-0.74
12.10.2012,12,12,12,12,-0.25
13.10.2012,11.86,11.86,11.86,11.86,-1.17
14.10.2012,11.74,11.74,11.74,11.74,-1.01
15.10.2012,11.84,11.84,11.84,11.84,0.85
16.10.2012,11.85,11.85,11.85,11.85,0.08
17.10.2012,11.81,11.81,11.81,11.81,-0.34
18.10.2012,11.94,11.94,11.94,11.94,1.1
19.10.2012,11.74,11.74,11.74,11.74,-1.68
20.10.2012,11.74,11.74,11.74,11.74,0
21.10.2012,11.63,11.63,11.63,11.63,-0.94
22.10.2012,11.71,11.71,11.71,11.71,0.69
23.10.2012,11.65,11.65,11.65,11.65,-0.51
24.10.2012,11.65,11.65,11.65,11.65,0
25.10.2012,10.86,10.86,10.86,10.86,-6.78
26.10.2012,10.17,10.17,10.17,10.17,-6.35
27.10.2012,10.26,10.26,10.26,10.26,0.88
28.10.2012,10.7,10.7,10.7,10.7,4.29
29.10.2012,10.6,10.6,10.6,10.6,-0.93
30.10.2012,10.89,10.89,10.89,10.89,2.74
31.10.2012,11.2,11.2,11.2,11.2,2.85
01.11.2012,10.57,10.57,10.57,10.57,-5.63
02.11.2012,10.47,10.47,10.47,10.47,-0.95
03.11.2012,10.64,10.64,10.64,10.64,1.62
04.11.2012,10.8,10.8,10.8,10.8,1.5
05.11.2012,10.75,10.75,10.75,10.75,-0.46
06.11.2012,10.9,10.9,10.9,10.9,1.4
07.11.2012,10.92,10.92,10.92,10.92,0.18
08.11.2012,10.92,10.92,10.92,10.92,0
09.11.2012,10.81,10.81,10.81,10.81,-1.01
10.11.2012,10.89,10.89,10.89,10.89,0.74
11.11.2012,10.87,10.87,10.87,10.87,-0.18
12.11.2012,11.01,11.01,11.01,11.01,1.29
13.11.2012,10.95,10.95,10.95,10.95,-0.54
14.11.2012,10.95,10.95,10.95,10.95,0
15.11.2012,11.2,11.2,11.2,11.2,2.28
16.11.2012,11.75,11.75,11.75,11.75,4.91
17.11.2012,11.79,11.79,11.79,11.79,0.34
18.11.2012,11.65,11.65,11.65,11.65,-1.19
19.11.2012,11.8,11.8,11.8,11.8,1.29
20.11.2012,11.73,11.73,11.73,11.73,-0.59
21.11.2012,11.77,11.77,11.77,11.77,0.34
22.11.2012,12.42,12.42,12.42,12.42,5.52
23.11.2012,12.34,12.34,12.34,12.34,-0.64
24.11.2012,12.41,12.41,12.41,12.41,0.57
25.11.2012,12.48,12.48,12.48,12.48,0.56
26.11.2012,12.25,12.25,12.25,12.25,-1.84
27.11.2012,12.2,12.2,12.2,12.2,-0.41
28.11.2012,12.35,12.35,12.35,12.35,1.23
29.11.2012,12.45,12.45,12.45,12.45,0.81
30.11.2012,12.56,12.56,12.56,12.56,0.88
01.12.2012,12.56,12.56,12.56,12.56,0
02.12.2012,12.5,12.5,12.5,12.5,-0.48
03.12.2012,12.68,12.68,12.68,12.68,1.44
04.12.2012,13.41,13.41,13.41,13.41,5.76
05.12.2012,13.38,13.38,13.38,13.38,-0.22
06.12.2012,13.3,13.3,13.3,13.3,-0.6
07.12.2012,13.5,13.5,13.5,13.5,1.5
08.12.2012,13.42,13.42,13.42,13.42,-0.59
09.12.2012,13.39,13.39,13.39,13.39,-0.22
10.12.2012,13.43,13.43,13.43,13.43,0.3
11.12.2012,13.56,13.56,13.56,13.56,0.97
12.12.2012,13.7,13.7,13.7,13.7,1.03
13.12.2012,13.7,13.7,13.7,13.7,0
14.12.2012,13.6,13.6,13.6,13.6,-0.73
15.12.2012,13.49,13.49,13.49,13.49,-0.81
16.12.2012,13.3,13.3,13.3,13.3,-1.41
17.12.2012,13.25,13.25,13.25,13.25,-0.38
18.12.2012,13.3,13.3,13.3,13.3,0.38
19.12.2012,13.6,13.6,13.6,13.6,2.26
20.12.2012,13.52,13.52,13.52,13.52,-0.59
21.12.2012,13.5,13.5,13.5,13.5,-0.15
22.12.2012,13.37,13.37,13.37,13.37,-0.96
23.12.2012,13.31,13.31,13.31,13.31,-0.45
24.12.2012,13.38,13.38,13.38,13.38,0.53
25.12.2012,13.35,13.35,13.35,13.35,-0.22
26.12.2012,13.47,13.47,13.47,13.47,0.9
27.12.2012,13.42,13.42,13.42,13.42,-0.37
28.12.2012,13.42,13.42,13.42,13.42,0
29.12.2012,13.4,13.4,13.4,13.4,-0.15
30.12.2012,13.45,13.45,13.45,13.45,0.37
31.12.2012,13.51,13.51,13.51,13.51,0.45
01.01.2013,13.3,13.3,13.3,13.3,-1.55
02.01.2013,13.28,13.28,13.28,13.28,-0.15
03.01.2013,13.4,13.4,13.4,13.4,0.9
04.01.2013,13.5,13.5,13.5,13.5,0.75
05.01.2013,13.44,13.44,13.44,13.44,-0.44
06.01.2013,13.45,13.45,13.45,13.45,0.07
07.01.2013,13.59,13.59,13.59,13.59,1.04
08.01.2013,13.74,13.74,13.74,13.74,1.1
09.01.2013,13.77,13.77,13.77,13.77,0.22
10.01.2013,14.14,14.14,14.14,14.14,2.69
11.01.2013,14.14,14.14,14.14,14.14,0
12.01.2013,14.24,14.24,14.24,14.24,0.71
13.01.2013,14.12,14.12,14.12,14.12,-0.84
14.01.2013,14.3,14.3,14.3,14.3,1.27
15.01.2013,14.25,14.25,14.25,14.25,-0.35
16.01.2013,14.73,14.73,14.73,14.73,3.37
17.01.2013,15.5,15.5,15.5,15.5,5.23
18.01.2013,15.7,15.7,15.7,15.7,1.29
19.01.2013,15.61,15.61,15.61,15.61,-0.57
20.01.2013,15.7,15.7,15.7,15.7,0.58
21.01.2013,16.8,16.8,16.8,16.8,7.01
22.01.2013,17.26,17.26,17.26,17.26,2.74
23.01.2013,17.5,17.5,17.5,17.5,1.39
24.01.2013,16.9,16.9,16.9,16.9,-3.43
25.01.2013,17.4,17.4,17.4,17.4,2.96
26.01.2013,17.88,17.88,17.88,17.88,2.76
27.01.2013,17.82,17.82,17.82,17.82,-0.34
28.01.2013,18.72,18.72,18.72,18.72,5.05
29.01.2013,19.53,19.53,19.53,19.53,4.33
30.01.2013,19.7,19.7,19.7,19.7,0.87
31.01.2013,20.41,20.41,20.41,20.41,3.6
01.02.2013,20.5,20.5,20.5,20.5,0.44
02.02.2013,19.63,19.63,19.63,19.63,-4.24
03.02.2013,20.59,20.59,20.59,20.59,4.89
04.02.2013,20.43,20.43,20.43,20.43,-0.78
05.02.2013,20.6,20.6,20.6,20.6,0.83
06.02.2013,21.18,21.18,21.18,21.18,2.82
07.02.2013,22.15,22.15,22.15,22.15,4.58
08.02.2013,22.66,22.66,22.66,22.66,2.3
09.02.2013,23.65,23.65,23.65,23.65,4.37
10.02.2013,23.97,23.97,23.97,23.97,1.35
11.02.2013,24.65,24.65,24.65,24.65,2.84
12.02.2013,25.17,25.17,25.17,25.17,2.11
13.02.2013,24.2,24.2,24.2,24.2,-3.85
14.02.2013,27.22,27.22,27.22,27.22,12.48
15.02.2013,27.1,27.1,27.1,27.1,-0.44
16.02.2013,27.22,27.22,27.22,27.22,0.44
17.02.2013,26.81,26.81,26.81,26.81,-1.51
18.02.2013,26.95,26.95,26.95,26.95,0.52
19.02.2013,29.42,29.42,29.42,29.42,9.17
20.02.2013,29.64,29.64,29.64,29.64,0.75
21.02.2013,29.75,29.75,29.75,29.75,0.37
22.02.2013,30.25,30.25,30.25,30.25,1.68
23.02.2013,29.8,29.8,29.8,29.8,-1.49
24.02.2013,29.89,29.89,29.89,29.89,0.3
25.02.2013,30.4,30.4,30.4,30.4,1.71
26.02.2013,31.1,31.1,31.1,31.1,2.3
27.02.2013,30.9,30.9,30.9,30.9,-0.64
28.02.2013,33.38,33.38,33.38,33.38,8.03
01.03.2013,34.5,34.5,34.5,34.5,3.36
02.03.2013,34.25,34.25,34.25,34.25,-0.72
03.03.2013,34.5,34.5,34.5,34.5,0.73
04.03.2013,36.15,36.15,36.15,36.15,4.78
05.03.2013,40.33,40.33,40.33,40.33,11.56
06.03.2013,41.02,41.02,41.02,41.02,1.71
07.03.2013,42,42,42,42,2.39
08.03.2013,44.18,44.18,44.18,44.18,5.19
09.03.2013,46.85,46.85,46.85,46.85,6.04
10.03.2013,46,46,46,46,-1.81
11.03.2013,48.4,48.4,48.4,48.4,5.22
12.03.2013,44.29,44.29,44.29,44.29,-8.49
13.03.2013,46.92,46.92,46.92,46.92,5.94
14.03.2013,47.17,47.17,47.17,47.17,0.53
15.03.2013,46.95,46.95,46.95,46.95,-0.47
16.03.2013,47,47,47,47,0.11
17.03.2013,47.4,47.4,47.4,47.4,0.85
18.03.2013,51.6,51.6,51.6,51.6,8.86
19.03.2013,59.14,59.14,59.14,59.14,14.61
20.03.2013,64.49,64.49,64.49,64.49,9.05
21.03.2013,70.85,70.85,70.85,70.85,9.86
22.03.2013,69.86,69.86,69.86,69.86,-1.4
23.03.2013,64.35,64.35,64.35,64.35,-7.89
24.03.2013,71.5,71.5,71.5,71.5,11.11
25.03.2013,73.6,73.6,73.6,73.6,2.94
26.03.2013,78.5,78.5,78.5,78.5,6.66
27.03.2013,88.92,88.92,88.92,88.92,13.27
28.03.2013,86.18,86.18,86.18,86.18,-3.08
29.03.2013,90.5,90.5,90.5,90.5,5.01
30.03.2013,92.19,92.19,92.19,92.19,1.87
31.03.2013,93.03,93.03,93.03,93.03,0.91
01.04.2013,104,104,104,104,11.79
02.04.2013,117.98,117.98,117.98,117.98,13.44
03.04.2013,135,135,135,135,14.43
04.04.2013,132.12,132.12,132.12,132.12,-2.13
05.04.2013,142.32,142.32,142.32,142.32,7.72
06.04.2013,142.63,142.63,142.63,142.63,0.22
07.04.2013,162.3,162.3,162.3,162.3,13.79
08.04.2013,187.5,187.5,187.5,187.5,15.53
09.04.2013,230,230,230,230,22.67
10.04.2013,165,165,165,165,-28.26
11.04.2013,124.9,124.9,124.9,124.9,-24.3
12.04.2013,117,117,117,117,-6.33
13.04.2013,93,93,93,93,-20.51
14.04.2013,90,90,90,90,-3.23
15.04.2013,82.39,82.39,82.39,82.39,-8.46
16.04.2013,68.36,68.36,68.36,68.36,-17.03
17.04.2013,93.07,93.07,93.07,93.07,36.15
18.04.2013,109.01,109.01,109.01,109.01,17.13
19.04.2013,118.48,118.48,118.48,118.48,8.69
20.04.2013,126.62,126.62,126.62,126.62,6.87
21.04.2013,119.2,119.2,119.2,119.2,-5.86
22.04.2013,127.4,127.4,127.4,127.4,6.88
23.04.2013,143.47,143.47,143.47,143.47,12.61
24.04.2013,154.2,154.2,154.2,154.2,7.48
25.04.2013,141.71,141.71,141.71,141.71,-8.1
26.04.2013,136.9,136.9,136.9,136.9,-3.39
27.04.2013,128,128,128,128,-6.5
28.04.2013,134.44,134.44,134.44,134.44,5.03
29.04.2013,144,144,144,144,7.11
30.04.2013,139.23,139.23,139.23,139.23,-3.31
01.05.2013,116.38,116.38,116.38,116.38,-16.41
02.05.2013,106.25,106.25,106.25,106.25,-8.7
03.05.2013,98.1,98.1,98.1,98.1,-7.67
04.05.2013,112.9,112.9,112.9,112.9,15.09
05.05.2013,115.98,115.98,115.98,115.98,2.73
06.05.2013,112.25,112.25,112.25,112.25,-3.22
07.05.2013,109.6,109.6,109.6,109.6,-2.36
08.05.2013,113.2,113.2,113.2,113.2,3.28
09.05.2013,112.8,112.8,112.8,112.8,-0.35
10.05.2013,117.7,117.7,117.7,117.7,4.34
11.05.2013,115.64,115.64,115.64,115.64,-1.75
12.05.2013,114.82,114.82,114.82,114.82,-0.71
13.05.2013,117.98,117.98,117.98,117.98,2.75
14.05.2013,111.4,111.4,111.4,111.4,-5.58
15.05.2013,114.22,114.22,114.22,114.22,2.53
16.05.2013,118.21,118.21,118.21,118.21,3.49
17.05.2013,123.5,123.5,123.5,123.5,4.48
18.05.2013,123.21,123.21,123.21,123.21,-0.23
19.05.2013,122.5,122.5,122.5,122.5,-0.58
20.05.2013,122.02,122.02,122.02,122.02,-0.39
21.05.2013,122.89,122.89,122.89,122.89,0.71
22.05.2013,123.8,123.8,123.8,123.8,0.74
23.05.2013,126.3,126.3,126.3,126.3,2.02
24.05.2013,133.1,133.1,133.1,133.1,5.38
25.05.2013,131.99,131.99,131.99,131.99,-0.83
26.05.2013,133.5,133.5,133.5,133.5,1.14
27.05.2013,129.77,129.77,129.77,129.77,-2.79
28.05.2013,129,129,129,129,-0.59
29.05.2013,132.25,132.25,132.25,132.25,2.52
30.05.2013,128.8,128.8,128.8,128.8,-2.61
31.05.2013,128.82,128.82,128.82,128.82,0.02
01.06.2013,129.3,129.3,129.3,129.3,0.37
02.06.2013,122.5,122.5,122.5,122.5,-5.26
03.06.2013,120.74,120.74,120.74,120.74,-1.44
04.06.2013,121.4,121.4,121.4,121.4,0.55
05.06.2013,121.9,121.9,121.9,121.9,0.41
06.06.2013,118.97,118.97,118.97,118.97,-2.4
07.06.2013,111,111,111,111,-6.7
08.06.2013,107.89,107.89,107.89,107.89,-2.8
09.06.2013,100.44,100.44,100.44,100.44,-6.91
10.06.2013,106.35,106.35,106.35,106.35,5.88
11.06.2013,109,109,109,109,2.49
12.06.2013,108.78,108.78,108.78,108.78,-0.2
13.06.2013,103.95,103.95,103.95,103.95,-4.44
14.06.2013,100,100,100,100,-3.8
15.06.2013,99.8,99.8,99.8,99.8,-0.2
16.06.2013,99.9,99.9,99.9,99.9,0.1
17.06.2013,101.95,101.95,101.95,101.95,2.05
18.06.2013,107.35,107.35,107.35,107.35,5.3
19.06.2013,108.25,108.25,108.25,108.25,0.84
20.06.2013,111.29,111.29,111.29,111.29,2.81
21.06.2013,109.5,109.5,109.5,109.5,-1.61
22.06.2013,108.2,108.2,108.2,108.2,-1.19
23.06.2013,107.9,107.9,107.9,107.9,-0.28
24.06.2013,102.09,102.09,102.09,102.09,-5.38
25.06.2013,103.33,103.33,103.33,103.33,1.21
26.06.2013,104,104,104,104,0.65
27.06.2013,101.74,101.74,101.74,101.74,-2.17
28.06.2013,94.66,94.66,94.66,94.66,-6.96
29.06.2013,95,95,95,95,0.36
30.06.2013,97.51,97.51,97.51,97.51,2.64
01.07.2013,84.61,84.61,84.61,84.61,-13.23
02.07.2013,87.66,87.66,87.66,87.66,3.6
03.07.2013,76.89,76.89,76.89,76.89,-12.29
04.07.2013,77.68,77.68,77.68,77.68,1.03
05.07.2013,66.34,66.34,66.34,66.34,-14.6
06.07.2013,66.85,66.85,66.85,66.85,0.77
07.07.2013,72.51,72.51,72.51,72.51,8.47
08.07.2013,74.56,74.56,74.56,74.56,2.83
09.07.2013,74.22,74.22,74.22,74.22,-0.46
10.07.2013,84.51,84.51,84.51,84.51,13.86
11.07.2013,91.22,91.22,91.22,91.22,7.94
12.07.2013,88.46,88.46,88.46,88.46,-3.03
13.07.2013,91.39,91.39,91.39,91.39,3.31
14.07.2013,90.37,90.37,90.37,90.37,-1.12
15.07.2013,93.14,93.14,93.14,93.14,3.07
16.07.2013,92.74,92.74,92.74,92.74,-0.43
17.07.2013,90.54,90.54,90.54,90.54,-2.37
18.07.2013,85.43,85.43,85.43,85.43,-5.64
19.07.2013,85.78,85.78,85.78,85.78,0.41
20.07.2013,85.67,85.67,85.67,85.67,-0.13
21.07.2013,85.47,85.47,85.47,85.47,-0.23
22.07.2013,86.09,86.09,86.09,86.09,0.73
23.07.2013,86.94,86.94,86.94,86.94,0.99
24.07.2013,87.46,87.46,87.46,87.46,0.6
25.07.2013,89.41,89.41,89.41,89.41,2.23
26.07.2013,90.63,90.63,90.63,90.63,1.36
27.07.2013,89.1,89.1,89.1,89.1,-1.69
28.07.2013,92.1,92.1,92.1,92.1,3.37
29.07.2013,93.3,93.3,93.3,93.3,1.3
30.07.2013,96.31,96.31,96.31,96.31,3.23
31.07.2013,97.91,97.91,97.91,97.91,1.66
01.08.2013,96.42,96.42,96.42,96.42,-1.52
02.08.2013,97.24,97.24,97.24,97.24,0.85
03.08.2013,96.66,96.66,96.66,96.66,-0.6
04.08.2013,96.6,96.6,96.6,96.6,-0.06
05.08.2013,96.92,96.92,96.92,96.92,0.33
06.08.2013,97.13,97.13,97.13,97.13,0.22
07.08.2013,96.92,96.92,96.92,96.92,-0.22
08.08.2013,94.77,94.77,94.77,94.77,-2.22
09.08.2013,93.36,93.36,93.36,93.36,-1.49
10.08.2013,93.29,93.29,93.29,93.29,-0.07
11.08.2013,94.16,94.16,94.16,94.16,0.93
12.08.2013,95.08,95.08,95.08,95.08,0.98
13.08.2013,97.9,97.9,97.9,97.9,2.97
14.08.2013,97.96,97.96,97.96,97.96,0.06
15.08.2013,97.54,97.54,97.54,97.54,-0.43
16.08.2013,98.33,98.33,98.33,98.33,0.81
17.08.2013,99.56,99.56,99.56,99.56,1.25
18.08.2013,98.84,98.84,98.84,98.84,-0.72
19.08.2013,102.3,102.3,102.3,102.3,3.5
20.08.2013,105.01,105.01,105.01,105.01,2.65
21.08.2013,111.44,111.44,111.44,111.44,6.12
22.08.2013,109.73,109.73,109.73,109.73,-1.53
23.08.2013,107.55,107.55,107.55,107.55,-1.99
24.08.2013,108.69,108.69,108.69,108.69,1.06
25.08.2013,111.79,111.79,111.79,111.79,2.85
26.08.2013,112.23,112.23,112.23,112.23,0.39
27.08.2013,117.45,117.45,117.45,117.45,4.65
28.08.2013,117.59,117.59,117.59,117.59,0.12
29.08.2013,117.52,117.52,117.52,117.52,-0.06
30.08.2013,123.23,123.23,123.23,123.23,4.86
31.08.2013,129.46,129.46,129.46,129.46,5.06
01.09.2013,128.26,128.26,128.26,128.26,-0.93
02.09.2013,127.36,127.36,127.36,127.36,-0.7
03.09.2013,127.59,127.59,127.59,127.59,0.18
04.09.2013,120.57,120.57,120.57,120.57,-5.5
05.09.2013,120.53,120.53,120.53,120.53,-0.03
06.09.2013,116.32,116.32,116.32,116.32,-3.49
07.09.2013,119.05,119.05,119.05,119.05,2.35
08.09.2013,116.59,116.59,116.59,116.59,-2.07
09.09.2013,120.02,120.02,120.02,120.02,2.94
10.09.2013,121.46,121.46,121.46,121.46,1.2
11.09.2013,125.45,125.45,125.45,125.45,3.29
12.09.2013,125.76,125.76,125.76,125.76,0.25
13.09.2013,126.51,126.51,126.51,126.51,0.6
14.09.2013,124.08,124.08,124.08,124.08,-1.92
15.09.2013,124.58,124.58,124.58,124.58,0.4
16.09.2013,125.06,125.06,125.06,125.06,0.39
17.09.2013,125.97,125.97,125.97,125.97,0.73
18.09.2013,126.3,126.3,126.3,126.3,0.26
19.09.2013,124.19,124.19,124.19,124.19,-1.67
20.09.2013,122.9,122.9,122.9,122.9,-1.04
21.09.2013,122.64,122.64,122.64,122.64,-0.21
22.09.2013,122.65,122.65,122.65,122.65,0.01
23.09.2013,122.22,122.22,122.22,122.22,-0.35
24.09.2013,122.54,122.54,122.54,122.54,0.26
25.09.2013,123.42,123.42,123.42,123.42,0.72
26.09.2013,123.48,123.48,123.48,123.48,0.05
27.09.2013,123.5,123.5,123.5,123.5,0.02
28.09.2013,124.75,124.75,124.75,124.75,1.01
29.09.2013,125.18,125.18,125.18,125.18,0.34
30.09.2013,123.1,123.1,123.1,123.1,-1.66
01.10.2013,125.49,125.49,125.49,125.49,1.94
02.10.2013,99.81,99.81,99.81,99.81,-20.46
03.10.2013,116.82,116.82,116.82,116.82,17.04
04.10.2013,121.29,121.29,121.29,121.29,3.83
05.10.2013,121.14,121.14,121.14,121.14,-0.12
06.10.2013,121.68,121.68,121.68,121.68,0.45
07.10.2013,123.24,123.24,123.24,123.24,1.28
08.10.2013,124.32,124.32,124.32,124.32,0.88
09.10.2013,125.84,125.84,125.84,125.84,1.22
10.10.2013,125.7,125.7,125.7,125.7,-0.11
11.10.2013,125.51,125.51,125.51,125.51,-0.15
12.10.2013,126.52,126.52,126.52,126.52,0.8
13.10.2013,130.42,130.42,130.42,130.42,3.08
14.10.2013,133.04,133.04,133.04,133.04,2.01
15.10.2013,138.64,138.64,138.64,138.64,4.21
16.10.2013,137.42,137.42,137.42,137.42,-0.88
17.10.2013,142.73,142.73,142.73,142.73,3.86
18.10.2013,149.59,149.59,149.59,149.59,4.81
19.10.2013,159.81,159.81,159.81,159.81,6.83
20.10.2013,163.06,163.06,163.06,163.06,2.03
21.10.2013,174.18,174.18,174.18,174.18,6.82
22.10.2013,183.86,183.86,183.86,183.86,5.56
23.10.2013,200.62,200.62,200.62,200.62,9.12
24.10.2013,183.15,183.15,183.15,183.15,-8.71
25.10.2013,178.12,178.12,178.12,178.12,-2.75
26.10.2013,175.9,175.9,175.9,175.9,-1.25
27.10.2013,185.69,185.69,185.69,185.69,5.57
28.10.2013,187.87,187.87,187.87,187.87,1.17
29.10.2013,198.19,198.19,198.19,198.19,5.49
30.10.2013,194.55,194.55,194.55,194.55,-1.84
31.10.2013,198.23,198.23,198.23,198.23,1.89
01.11.2013,198.51,198.51,198.51,198.51,0.14
02.11.2013,200.85,200.85,200.85,200.85,1.18
03.11.2013,207.63,207.63,207.63,207.63,3.38
04.11.2013,225.2,225.2,225.2,225.2,8.46
05.11.2013,239.29,239.29,239.29,239.29,6.26
06.11.2013,253.69,253.69,253.69,253.69,6.02
07.11.2013,283.3,283.3,283.3,283.3,11.67
08.11.2013,323.77,323.77,323.77,323.77,14.29
09.11.2013,336.14,336.14,336.14,336.14,3.82
10.11.2013,311.9,311.9,311.9,311.9,-7.21
11.11.2013,338.57,342.84,342.84,328.85,8.55
12.11.2013,350.16,343.26,355.26,341.88,3.42
13.11.2013,387.73,366.81,387.73,356.36,10.73
14.11.2013,418,396.21,419.5,393.69,7.81
15.11.2013,400,419.07,436.06,400,-4.31
16.11.2013,435.27,412.03,436.05,398.44,8.82
17.11.2013,473.27,435.87,473.27,435.87,8.73
18.11.2013,585.16,461,590.64,461,23.64
19.11.2013,599,600,690.89,418.36,2.37
20.11.2013,550,504.9,550,425.06,-8.18
21.11.2013,700,587,700,580,27.27
22.11.2013,760,680,760,680,8.57
23.11.2013,842.2,800.2,842.2,769.92,10.82
24.11.2013,813.72,746.86,813.72,746.86,-3.38
25.11.2013,782.77,785.93,789.02,782.77,-3.8
26.11.2013,849.57,790.24,849.57,778,8.53
27.11.2013,948,863.9,948.87,855,11.59
28.11.2013,1010,955,1031.09,943.86,6.54
29.11.2013,1107.51,1030,1124.36,1030,9.65
30.11.2013,1112.35,1105.08,1115,1103.14,0.44
01.12.2013,955,998.06,998.06,903,-14.15
02.12.2013,998.07,997.87,1031.09,960,4.51
03.12.2013,1047.98,1047.98,1047.98,1047.98,5
04.12.2013,1145,1065.46,1149.5,1065.46,9.26
05.12.2013,1030.58,1129.8,1135,866.02,-9.99
06.12.2013,872.56,1028.15,1028.15,845.41,-15.33
07.12.2013,800.57,833.26,1200,632.32,-8.25
08.12.2013,730,717.13,758.47,682.22,-8.82
09.12.2013,935.79,871.4,945.02,849.42,28.19
10.12.2013,1023,967.18,1030.44,958.46,9.32
11.12.2013,921.78,1005.59,1005.59,890.66,-9.89
12.12.2013,900.53,878.9,915,878.9,-2.31
13.12.2013,912.55,911,954,909.08,1.34
14.12.2013,897.95,904,909.73,889.01,-1.6
15.12.2013,864.87,891.23,891.23,850,-3.68
16.12.2013,704.77,896.76,896.76,699.55,-18.51
17.12.2013,731.94,712.17,759.83,643.93,3.86
18.12.2013,551.38,668.84,668.84,408.74,-24.67
19.12.2013,702.03,545.59,716.43,521,27.32
20.12.2013,599,702.03,731.96,599,-14.68
21.12.2013,607.68,655.41,656.69,589,1.45
22.12.2013,622.1,590,669.62,590,2.37
23.12.2013,640.37,650.18,653.2,640.37,2.94
24.12.2013,647.33,661.96,668.75,646.82,1.09
26.12.2013,740,680,741.32,680,14.31
27.12.2013,718.89,757.53,757.75,708.98,-2.85
28.12.2013,701,726,732,701,-2.49
29.12.2013,714.29,710.66,714.29,710.66,1.9
30.12.2013,737.24,735,740,730.21,3.21
31.12.2013,727.71,731.5,731.5,715.72,-1.29
01.01.2014,740.3,740,757,733.53,1.73
02.01.2014,775,746.22,775,740.18,4.69
03.01.2014,812.05,801,812.05,801,4.78
04.01.2014,801.84,806.5,806.5,801.84,-1.26
05.01.2014,904,839.46,904,839.46,12.74
06.01.2014,934.55,910,950,900,3.38
07.01.2014,791,928.69,928.69,791,-15.36
08.01.2014,828.54,781,838.05,771,4.75
09.01.2014,850,833.72,850,794.93,2.59
10.01.2014,834.75,832.98,834.75,832.98,-1.79
11.01.2014,896.88,899,900.27,895,7.44
12.01.2014,888.1,892,892,888.1,-0.98
13.01.2014,818.4,846.59,857.28,818.4,-7.85
14.01.2014,826.85,827.84,833.41,815.12,1.03
15.01.2014,839.73,835.55,842.19,833.74,1.56
16.01.2014,824,847.06,847.06,822.42,-1.87
17.01.2014,789,820,820.69,789,-4.25
18.01.2014,800,810,815,799,1.39
19.01.2014,830,819,830,814.23,3.75
20.01.2014,823.35,831.01,831.01,795.23,-0.8
21.01.2014,810,810,824.72,794.21,-1.62
22.01.2014,807,807,807,807,-0.37
23.01.2014,816.21,819,820,804.28,1.14
24.01.2014,781.87,800,800,773.18,-4.21
25.01.2014,810,795.83,810,789.44,3.6
26.01.2014,809.65,804.18,823.92,731,-0.04
27.01.2014,760.29,810.94,810.94,757,-6.1
28.01.2014,795,779.78,812.04,770,4.57
29.01.2014,800,788.99,800,783.57,0.63
30.01.2014,803.95,794.37,803.95,785.37,0.49
31.01.2014,800,801.67,803.29,791.8,-0.49
01.02.2014,814.65,801.93,814.65,801.93,1.83
03.02.2014,810,806.78,814.12,801.67,-0.57
04.02.2014,813,810.8,813.23,808.27,0.37
05.02.2014,791,807,808,791,-2.71
06.02.2014,771.55,793,793,768,-2.46
07.02.2014,720,750.27,755.05,677,-6.68
08.02.2014,690,700,716.45,690,-4.17
09.02.2014,710,702.59,720,702.59,2.9
10.02.2014,706.32,720,739,642,-0.52
11.02.2014,658.87,739,761.66,653.26,-6.72
12.02.2014,685,691.13,691.13,650,3.97
13.02.2014,634.26,671.94,671.94,630,-7.41
14.02.2014,682,622,724,565.2,7.53
15.02.2014,653.38,652.89,655.69,650,-4.2
16.02.2014,608,650,650,608,-6.95
17.02.2014,663.85,626,663.85,626,9.19
18.02.2014,628,660,660,622,-5.4
19.02.2014,630.41,634.18,637.99,628,0.38
20.02.2014,578.88,633,633,574.81,-8.17
21.02.2014,568,565.2,591.5,548.51,-1.88
22.02.2014,595.22,587.61,602.77,563.74,4.79
23.02.2014,619,597.73,624.05,597.73,4
24.02.2014,562.43,597.27,597.27,562.43,-9.14
25.02.2014,515,554,567,425,-8.43
26.02.2014,582,548.67,594.47,544,13.01
27.02.2014,579,592.53,592.53,565.72,-0.52
28.02.2014,565,575.48,590.3,544.89,-2.42
01.03.2014,568.21,565,571.77,560,0.57
02.03.2014,560.62,570.9,583.49,560,-1.34
03.03.2014,658,571.5,685,569.74,17.37
04.03.2014,668,654.72,675,652.62,1.52
05.03.2014,675,658,675.8,658,1.05
06.03.2014,663,673.44,675,657,-1.78
07.03.2014,621,663,663,614,-6.33
08.03.2014,614.14,621,621,600.25,-1.11
09.03.2014,621,610.48,621,609.37,1.12
10.03.2014,615,621,621,612.84,-0.97
11.03.2014,615,615,615,613.5,0
12.03.2014,650,615,650,615,5.69
13.03.2014,641.99,633.51,645.14,633.51,-1.23
14.03.2014,630,632.93,638.97,630,-1.87
15.03.2014,641.64,636.89,641.64,636.89,1.85
16.03.2014,635.01,640.1,640.1,635.01,-1.03
17.03.2014,624.33,635,635.7,624,-1.68
18.03.2014,618.37,623.08,623.89,610.89,-0.95
19.03.2014,611,622.9,622.92,611,-1.19
20.03.2014,583.48,610,639.21,583.48,-4.5
21.03.2014,568.8,581,605.42,568.8,-2.52
22.03.2014,560,560,562.86,550,-1.55
23.03.2014,566.2,570.3,570.3,566.2,1.11
24.03.2014,590,560.38,590,552,4.2
25.03.2014,582.01,586.58,586.66,579.1,-1.35
26.03.2014,595,580,595,570,2.23
27.03.2014,498.53,582.4,589.33,498.53,-16.21
28.03.2014,497.44,525,525,490,-0.22
29.03.2014,491.92,506.17,507,490.98,-1.11
30.03.2014,464.1,493.01,493.01,440.35,-5.66
31.03.2014,452,478.6,485,443.13,-2.61
01.04.2014,482.83,460.32,486,451.44,6.82
02.04.2014,443.33,479.18,490.51,435.79,-8.18
03.04.2014,448.78,440.61,462.05,422,1.23
04.04.2014,449.99,441.5,458.13,434.17,0.27
05.04.2014,460.8,453,460.8,445.19,2.4
06.04.2014,453.69,463.3,463.3,453.69,-1.54
07.04.2014,454.2,460.21,463.62,445,0.11
08.04.2014,448.75,454.5,458.25,448.75,-1.2
09.04.2014,442.5,454.97,454.97,440,-1.39
10.04.2014,370,440.24,440.24,370,-16.38
11.04.2014,416.26,355,427,325,12.5
12.04.2014,415,417.75,430,412,-0.3
13.04.2014,404.22,415,415,404.22,-2.6
14.04.2014,459,403.15,464,403.15,13.55
15.04.2014,515,453.36,515,453.36,12.2
16.04.2014,522.25,510,522.79,499,1.41
17.04.2014,500.71,519.55,522.25,491,-4.12
18.04.2014,490.54,499.39,504.37,483.57,-2.03
19.04.2014,505,488.17,510,484.71,2.95
20.04.2014,512.45,510,512.45,510,1.48
21.04.2014,497,509,510,495.77,-3.01
22.04.2014,488,499.5,501,488,-1.81
23.04.2014,490.21,494.86,494.86,480,0.45
24.04.2014,497.5,486,497.5,480,1.49
25.04.2014,460,493.08,494.37,446.22,-7.54
26.04.2014,459,467.35,470.49,453.86,-0.22
27.04.2014,441.45,460,460.5,441.45,-3.82
28.04.2014,448,434,448,433,1.48
29.04.2014,434,438.72,450,431.54,-3.13
30.04.2014,448.27,446,450,440.5,3.29
01.05.2014,459,450.81,463,450.78,2.39
02.05.2014,453.5,459.01,459.63,447,-1.2
03.05.2014,440.54,452,452,432.61,-2.86
04.05.2014,430.87,439.53,440.63,430.87,-2.2
05.05.2014,427.01,436.41,439.88,426.5,-0.9
06.05.2014,430,426.55,431.5,419.77,0.7
07.05.2014,438,430,448.72,425.89,1.86
08.05.2014,442.8,440,447,439.51,1.1
09.05.2014,446,440,452.01,439.49,0.72
10.05.2014,451.1,452,452.25,449.1,1.14
11.05.2014,432,449.63,449.63,430.55,-4.23
12.05.2014,440,434.55,441,433,1.85
13.05.2014,437.25,439,439,433.68,-0.63
14.05.2014,444,437.25,444,432,1.54
15.05.2014,441.99,440,442,438,-0.45
16.05.2014,442.28,442,443,442,0.07
17.05.2014,441.97,443,443,435.37,-0.07
18.05.2014,438.75,438,438.75,436.27,-0.73
19.05.2014,438.97,434.75,440,423.75,0.05
20.05.2014,475.95,440,480,440,8.42
21.05.2014,477.65,480,480,475.79,0.36
22.05.2014,502.3,476.55,507,475.75,5.16
23.05.2014,509.55,507,529.79,500.8,1.44
24.05.2014,502.3,500,505,500,-1.42
25.05.2014,566.15,507.83,572,507.83,12.71
26.05.2014,575,569,580.1,563.2,1.56
27.05.2014,570,575.59,580.02,557.66,-0.87
28.05.2014,577.01,570,580.04,563.41,1.23
29.05.2014,572.99,570,575.01,567.88,-0.7
30.05.2014,629,590,629,590,9.78
31.05.2014,635.6,621,635.6,618.62,1.05
01.06.2014,646.5,638,687.35,625,1.71
02.06.2014,669.5,647.06,675,623.94,3.56
03.06.2014,682.88,673.07,693.89,665,2
04.06.2014,652.29,681.25,681.25,640,-4.48
05.06.2014,663.25,651.83,670,650,1.68
06.06.2014,655,661,666,654.65,-1.24
07.06.2014,663,646.75,663,646.75,1.22
08.06.2014,662.35,664.85,668.2,660,-0.1
09.06.2014,653.73,663.93,663.93,653,-1.3
10.06.2014,653.64,653.97,663,647,-0.01
11.06.2014,637.1,657.25,657.25,637.1,-2.53
12.06.2014,590.01,636,640.1,569.09,-7.39
13.06.2014,582.59,586.93,615.58,570,-1.26
14.06.2014,554.37,584,584.48,545.33,-4.84
15.06.2014,571,565,571.78,549.31,3
16.06.2014,580,580.85,601,580,1.58
17.06.2014,614.25,578.85,614.25,577.02,5.91
18.06.2014,611.5,615.5,621.08,603.79,-0.45
19.06.2014,602,608.01,613.75,600.26,-1.55
20.06.2014,601,595.86,603,591,-0.17
21.06.2014,601.61,597.32,601.61,592.21,0.1
22.06.2014,607.8,605,620,605,1.03
23.06.2014,599.25,609.65,609.66,592.5,-1.41
24.06.2014,587.28,595.87,595.87,585,-2
25.06.2014,568.07,585,585,568.07,-3.27
26.06.2014,577.9,573.5,578.75,572,1.73
27.06.2014,606.18,582.73,606.18,582,4.89
28.06.2014,600.1,602.54,610.47,600.1,-1
29.06.2014,603.65,603.04,606.98,601,0.59
30.06.2014,640.01,605.53,646,605.53,6.02
01.07.2014,650.77,650,662,643.9,1.68
02.07.2014,647.9,650.58,654.91,641,-0.44
03.07.2014,643.62,649.46,652,640.72,-0.66
04.07.2014,632.24,649.98,650,628.51,-1.77
05.07.2014,630,635,636,630,-0.35
06.07.2014,633.25,634.6,636.81,630.49,0.52
07.07.2014,624,630.5,635,615,-1.46
08.07.2014,618.5,623.26,626,611.06,-0.88
09.07.2014,620.24,620.7,624.7,616.25,0.28
10.07.2014,610,618.5,620,608.5,-1.65
11.07.2014,625.5,610,625.5,609.91,2.54
12.07.2014,626,625.07,630,623,0.08
13.07.2014,624,626,626,621.51,-0.32
14.07.2014,622.4,621.72,624,616,-0.26
15.07.2014,620.87,621.33,624,617.9,-0.25
16.07.2014,621.04,620,631.68,614.04,0.03
17.07.2014,627.6,622,631.14,619,1.06
18.07.2014,627.46,626.41,627.46,616.75,-0.02
19.07.2014,625.25,627.17,627.17,618,-0.35
20.07.2014,618.91,623.25,623.25,617,-1.01
21.07.2014,619.79,621,621.75,605,0.14
22.07.2014,612.59,620,624,605.54,-1.16
23.07.2014,617.21,611.96,618.6,609.98,0.75
24.07.2014,600.31,616.84,616.86,593.2,-2.74
25.07.2014,598,600.93,605.33,595,-0.38
26.07.2014,594,598.96,598.96,590.15,-0.67
27.07.2014,590.5,594.29,595,589.99,-0.59
28.07.2014,586.38,585,587.99,571,-0.7
29.07.2014,575,579.99,585.71,566.23,-1.94
30.07.2014,551,575.37,575.83,550,-4.17
31.07.2014,579.04,554,586,553.5,5.09
01.08.2014,594.92,578,606.1,100,2.74
02.08.2014,587.75,593.31,593.31,583.68,-1.21
03.08.2014,582.06,583.86,583.86,578.34,-0.97
04.08.2014,581.11,583.14,587.81,581.11,-0.16
05.08.2014,574.95,581.95,583.99,574.19,-1.06
06.08.2014,577.5,575.25,583.7,574.26,0.44
07.08.2014,582.25,577.51,583.35,577.51,0.82
08.08.2014,586.41,582.93,587.63,582.93,0.71
09.08.2014,583.3,583.03,583.91,581.29,-0.53
10.08.2014,580,581.86,586.41,580,-0.57
11.08.2014,572.5,582.71,583.15,572.5,-1.29
12.08.2014,566,570,570.55,563,-1.14
13.08.2014,549,567.57,567.69,530.52,-3
14.08.2014,510,549,549,503,-7.1
15.08.2014,506.23,517.25,525,489.99,-0.74
16.08.2014,527.17,502.68,527.78,489.49,4.14
17.08.2014,501.32,525.39,527.01,490.13,-4.9
18.08.2014,478.2,504.17,506.67,462.37,-4.61
19.08.2014,490.3,470,498,470,2.53
20.08.2014,516.98,492.07,524.99,471.74,5.44
21.08.2014,515.87,515.62,528.99,509.97,-0.21
22.08.2014,515.57,518.37,521.5,502,-0.06
23.08.2014,500.15,510.5,511.58,498.95,-2.99
24.08.2014,507.3,500.69,512.78,500,1.43
25.08.2014,502.5,506.31,511,498.2,-0.95
26.08.2014,508.43,507,514.65,505.47,1.18
27.08.2014,510.99,512.94,518,510.99,0.5
28.08.2014,507.75,512.04,513.33,506.6,-0.63
29.08.2014,507.52,506.01,510.07,503,-0.05
30.08.2014,499,506.86,506.86,499,-1.68
31.08.2014,483.37,503.07,503.99,482.27,-3.13
01.09.2014,485.83,487.35,489.49,479.09,0.51
02.09.2014,476.79,481.6,485.83,475,-1.86
03.09.2014,474.04,478.5,478.85,473.35,-0.58
04.09.2014,489.2,473.7,494.28,473.27,3.2
05.09.2014,477.59,487.07,488.61,477.59,-2.37
06.09.2014,481.32,481.39,485,479.59,0.78
07.09.2014,479.73,481.14,483.62,479.73,-0.33
08.09.2014,470.43,476.7,478.11,462.17,-1.94
09.09.2014,472.66,470.95,475.45,463.33,0.47
10.09.2014,477.33,474.01,487,473.3,0.99
11.09.2014,477.09,479.64,480.75,470.1,-0.05
12.09.2014,471.81,475.68,477.85,467.75,-1.11
13.09.2014,478.1,471.2,480.75,470.79,1.33
14.09.2014,476.49,477.16,479.1,474.3,-0.34
15.09.2014,469.9,476.49,478.79,469.9,-1.38
16.09.2014,465.13,466.8,475.11,464.35,-1.02
17.09.2014,456.77,465.72,469,450.35,-1.8
18.09.2014,427.18,456.7,459.97,412.02,-6.48
19.09.2014,395.27,426.8,428.39,389.88,-7.47
20.09.2014,411.59,396.48,427.27,392.55,4.13
21.09.2014,400.69,409.34,412.52,394.19,-2.65
22.09.2014,397.67,400.1,406.18,394,-0.75
23.09.2014,429.13,398.87,440.5,395.42,7.91
24.09.2014,420.41,426.68,430,408.6,-2.03
25.09.2014,409.09,420.59,420.6,404,-2.69
26.09.2014,402.97,411.23,414.79,397,-1.5
27.09.2014,397.25,400.42,405,395.12,-1.42
28.09.2014,374.71,398.77,399.43,369.95,-5.67
29.09.2014,369.6,376.75,383,367.26,-1.36
30.09.2014,387.14,374.17,392.13,371.99,4.75
01.10.2014,383,387.02,388.96,377.04,-1.07
02.10.2014,371.74,383.08,385.45,370.29,-2.94
03.10.2014,357.69,371.52,375.08,356.35,-3.78
04.10.2014,328.66,359.63,364.75,322.4,-8.12
05.10.2014,322.45,327.61,341.16,285.12,-1.89
06.10.2014,323.84,320.24,345.48,303.15,0.43
07.10.2014,330.97,330.52,334.56,315.78,2.2
08.10.2014,350.04,332.06,351,324.98,5.76
09.10.2014,363.45,349.09,375.69,345.99,3.83
10.10.2014,359.51,363.7,375,352.44,-1.08
11.10.2014,361.27,358.85,366,352.25,0.49
12.10.2014,372.03,361.93,375,354.29,2.98
13.10.2014,383.35,367.11,391.03,363.29,3.04
14.10.2014,397.94,387.95,405.8,385.93,3.81
15.10.2014,393.46,392.72,397.9,379.28,-1.13
16.10.2014,379.29,395,395,372.19,-3.6
17.10.2014,380.25,380.68,385.71,371.91,0.25
18.10.2014,390,379.11,391.75,377.04,2.56
19.10.2014,386.25,386.3,389.1,384.28,-0.96
20.10.2014,380.98,385.93,386.75,374.61,-1.36
21.10.2014,382.84,380.73,387.75,378.22,0.49
22.10.2014,379.96,382.85,385.46,379.73,-0.75
23.10.2014,355.98,379.73,381,352.99,-6.31
24.10.2014,356.15,356.12,359.94,349,0.05
25.10.2014,347.41,356.75,357.55,342.28,-2.45
26.10.2014,349.99,346.76,356.27,344.03,0.74
27.10.2014,350.65,351.13,355,346.49,0.19
28.10.2014,353.1,351.16,353.22,349.01,0.7
29.10.2014,333.2,352.22,352.28,333.2,-5.64
30.10.2014,343.85,334.56,350.64,333.04,3.2
31.10.2014,337,344.91,346.45,336.57,-1.99
01.11.2014,327.18,337.66,338.43,321.7,-2.91
02.11.2014,322.5,327,329.41,321.27,-1.43
03.11.2014,323.56,324.27,335.5,323.25,0.33
04.11.2014,326.9,323.56,330.17,321.75,1.03
05.11.2014,337.55,330.75,341,321,3.26
06.11.2014,348.5,337.77,349.68,335.5,3.24
07.11.2014,341.5,348.5,350,341.07,-2.01
08.11.2014,344.99,341.99,344.99,340.5,1.02
09.11.2014,360,343.69,360,342.52,4.35
10.11.2014,367.97,359.98,372.5,355,2.21
11.11.2014,367,366.53,367.21,361.32,-0.26
12.11.2014,417.87,375,431.11,375,13.86
13.11.2014,419.42,428.34,445,387.55,0.37
14.11.2014,399.07,410,414.62,385,-4.85
15.11.2014,376.51,400.48,406.29,370.97,-5.65
16.11.2014,388.21,380.56,391.89,380.25,3.11
17.11.2014,387.56,388.89,407,376,-0.17
18.11.2014,370,388.63,390.87,370,-4.53
19.11.2014,379.16,373.09,381.64,372.12,2.48
20.11.2014,355.88,380.46,380.61,353.39,-6.14
21.11.2014,349.33,353.5,356.03,346.1,-1.84
22.11.2014,346.35,350.91,360.25,346.09,-0.85
23.11.2014,360.57,347.49,360.57,346.74,4.11
24.11.2014,373.15,365.25,386.99,327.79,3.49
25.11.2014,375.82,373.54,390,373.08,0.72
26.11.2014,367.87,377.03,378.3,365.78,-2.12
27.11.2014,369.57,369.28,373.48,368.14,0.46
28.11.2014,375.57,369.87,380.28,359.52,1.62
29.11.2014,374.49,375.25,383,372,-0.29
30.11.2014,376.72,374.66,380.31,373.06,0.6
01.12.2014,377.6,376.68,380,374.89,0.23
02.12.2014,382.01,377.39,382.56,376.94,1.17
03.12.2014,375.74,381.4,383.11,374.25,-1.64
04.12.2014,370.26,375.78,378.88,364.81,-1.46
05.12.2014,378.39,368.75,380.57,367.24,2.2
06.12.2014,372.77,377.97,379.12,371.07,-1.49
07.12.2014,374.43,373.91,376.72,370.91,0.45
08.12.2014,363.31,375.19,375.59,361.7,-2.97
09.12.2014,353.85,363.23,364.36,345.52,-2.6
10.12.2014,346.92,354,356.22,343.53,-1.96
11.12.2014,350.04,346.63,363.31,343.62,0.9
12.12.2014,352.84,350.38,356.99,349.85,0.8
13.12.2014,350.88,352.64,352.64,348.33,-0.56
14.12.2014,352.67,350.64,356.75,346.99,0.51
15.12.2014,347.19,354.12,354.12,346.3,-1.55
16.12.2014,330.61,348.14,348.14,330.61,-4.78
17.12.2014,318.19,333.42,337.02,315.01,-3.76
18.12.2014,308.26,318.65,321.07,303.62,-3.12
19.12.2014,315.74,309.28,317,305.98,2.43
20.12.2014,329.07,315.77,329.99,314.92,4.22
21.12.2014,317.21,328.43,328.43,316.91,-3.6
22.12.2014,329.02,318.2,329.22,317.5,3.72
23.12.2014,332.91,329.99,335.16,326.07,1.18
24.12.2014,322.79,333.65,334.25,322.79,-3.04
25.12.2014,319,322.57,323.08,317.89,-1.17
26.12.2014,328.49,319.2,329.84,317.53,2.97
27.12.2014,315.91,327.12,327.12,312.74,-3.83
28.12.2014,317.53,317.27,318.59,312.03,0.51
29.12.2014,311.92,319.55,321.49,311.92,-1.77
30.12.2014,308.79,314.36,315.3,307.93,-1
31.12.2014,317,309,317.6,308.56,2.66
01.01.2015,313.85,317.51,317.51,312.88,-0.99
02.01.2015,315.11,313.6,316.01,313,0.4
03.01.2015,281.99,314.81,314.81,281.99,-10.51
04.01.2015,258.78,281.99,288.9,258.78,-8.23
05.01.2015,273.2,261,276.46,260.47,5.57
06.01.2015,285.39,273.24,287.83,268.52,4.46
07.01.2015,297,286.1,303.83,285,4.07
08.01.2015,285.64,296.2,296.2,285.64,-3.82
09.01.2015,292.83,285.38,295.57,282.99,2.52
10.01.2015,275.04,292.41,292.41,271,-6.08
11.01.2015,266.19,274.77,279.96,265,-3.22
12.01.2015,267.62,267.2,281.05,265.49,0.54
13.01.2015,229.84,267.33,267.63,222.49,-14.12
14.01.2015,183.16,230.28,230.48,164.95,-20.31
15.01.2015,217.72,181.09,234.51,176.52,18.87
16.01.2015,206.68,215.98,225,200,-5.07
17.01.2015,201.23,207.16,211.03,198.22,-2.64
18.01.2015,209.85,202.9,218.26,197.05,4.29
19.01.2015,213.21,211.23,216.22,208.84,1.6
20.01.2015,218,215,218,208,2.25
21.01.2015,225.51,219,225.51,219,3.44
22.01.2015,226.32,245.5,257.73,216.59,0.36
23.01.2015,235,230,235,215,3.84
24.01.2015,240,215,250.58,215,2.13
25.01.2015,254.53,248.02,256.26,245.32,6.05
26.01.2015,274.48,262.78,322.72,241.43,7.84
27.01.2015,263.65,274.73,278.47,244.03,-3.95
28.01.2015,236.09,263.96,265.99,228.5,-10.45
29.01.2015,235.03,235.89,242,221.14,-0.45
30.01.2015,229.07,235,244.59,227.89,-2.54
31.01.2015,218.45,229,234.67,217.11,-4.64
01.02.2015,228.99,218.67,233.79,210,4.82
02.02.2015,237.83,228.39,240.1,220.89,3.86
03.02.2015,228.58,237.01,243.9,225.32,-3.89
04.02.2015,227.11,228.77,230.99,221.5,-0.64
05.02.2015,216.76,227.11,228.9,215,-4.56
06.02.2015,223.2,216.84,226.64,216.03,2.97
07.02.2015,229,223.2,230.5,222.67,2.6
08.02.2015,223.99,229.16,231.6,220,-2.19
09.02.2015,221.1,224.01,225,216.45,-1.29
10.02.2015,220.87,221.13,222,215,-0.1
11.02.2015,219.79,221.39,223.29,218.14,-0.49
12.02.2015,222.37,219.96,223.17,217.8,1.17
13.02.2015,236.06,222.55,242.48,221.46,6.16
14.02.2015,257.2,236.13,261.2,235.51,8.96
15.02.2015,235.88,257.01,268.34,228.22,-8.29
16.02.2015,233.6,235.88,243.29,229,-0.97
17.02.2015,244,233.5,246.25,231.51,4.45
18.02.2015,236.3,244,244.98,231.72,-3.16
19.02.2015,240.2,236.3,243.42,235.02,1.65
20.02.2015,244.5,240,248.32,238.95,1.79
21.02.2015,245.55,244.5,247.68,243.28,0.43
22.02.2015,236.5,245.54,247.78,232.4,-3.69
23.02.2015,239.4,236.5,240.99,232.61,1.23
24.02.2015,239.73,239.4,240.99,236.7,0.14
25.02.2015,237.99,239.73,240.83,235.56,-0.73
26.02.2015,236.93,237.99,238.33,233.79,-0.45
27.02.2015,254.96,236.93,262.58,236.65,7.61
28.02.2015,255.7,255.05,257.38,251.25,0.29
01.03.2015,262.4,255.7,266,245.79,2.62
02.03.2015,277.3,262.4,279.6,259.22,5.68
03.03.2015,283.75,277.3,290.32,267.95,2.33
04.03.2015,273.33,283.75,285.99,267.38,-3.67
05.03.2015,277.69,273.33,284.5,262.9,1.6
06.03.2015,273.2,277.69,277.9,269.68,-1.62
07.03.2015,276.97,273.36,280,270.58,1.38
08.03.2015,275.59,276.97,278.68,272,-0.5
09.03.2015,291.03,275.59,295,278.98,5.6
10.03.2015,292.7,291,303.8,290,0.57
11.03.2015,296.7,292.64,298.74,291.06,1.37
12.03.2015,295.56,296.7,298.8,292.37,-0.38
13.03.2015,283.28,295.55,295.9,282.15,-4.15
14.03.2015,282.6,283.23,287.5,281.36,-0.24
15.03.2015,286.9,282.6,287.78,283.4,1.52
16.03.2015,291.22,286.9,295.13,289.32,1.51
17.03.2015,285.25,291.22,292.83,283,-2.05
18.03.2015,257.3,285.12,285.24,248.98,-9.8
19.03.2015,261.86,257.3,267.89,248.07,1.77
20.03.2015,262.19,261.98,266.99,259.36,0.13
21.03.2015,260.47,262.19,262.99,255.52,-0.66
22.03.2015,268.82,260.47,270.8,259.82,3.21
23.03.2015,267.23,268.82,271.47,262,-0.59
24.03.2015,246,267.23,268.39,241.5,-7.94
25.03.2015,245.92,246,250,235.7,-0.03
26.03.2015,249.19,246.29,254.98,246.28,1.33
27.03.2015,246.5,249.19,250.45,245.27,-1.08
28.03.2015,252.95,246.5,255.42,246.5,2.62
29.03.2015,242.44,252.95,250,239.52,-4.15
30.03.2015,247.93,242.74,248.71,246.95,2.26
31.03.2015,244.33,247.93,248.8,242,-1.45
01.04.2015,246.93,244.51,248.53,239.5,1.06
02.04.2015,253.23,246.93,254.92,244.55,2.55
03.04.2015,254.23,253.23,256.42,250.7,0.39
04.04.2015,253.6,254.24,255.69,250.39,-0.25
05.04.2015,260.5,253.6,261.25,251.55,2.72
06.04.2015,255.61,260.5,262.43,253.72,-1.88
07.04.2015,253.71,255.61,257.9,253.03,-0.74
08.04.2015,244.92,253.7,254.99,243.05,-3.46
09.04.2015,243.58,244.92,246.79,236.52,-0.55
10.04.2015,236.12,243.58,243.74,230.76,-3.06
11.04.2015,236.86,236.12,240,233.76,0.31
12.04.2015,236.38,236.86,238.7,232.82,-0.2
13.04.2015,225,236.38,237.7,220.25,-4.81
14.04.2015,220.19,225,225.75,216.37,-2.14
15.04.2015,223.98,220.16,224,219.01,1.72
16.04.2015,228.47,223.98,230,223.01,2
17.04.2015,222.4,228.47,228.98,219.61,-2.66
18.04.2015,223.08,222.4,224.16,219.94,0.31
19.04.2015,222.21,223.08,226.83,222.1,-0.39
20.04.2015,224.21,222.16,227,221.5,0.9
21.04.2015,235.8,224.21,236.2,224.19,5.17
22.04.2015,234.14,236.96,238.99,232.42,-0.7
23.04.2015,236.01,234.14,236.98,233,0.8
24.04.2015,231.38,236.01,236.2,228.7,-1.96
25.04.2015,226.1,231.38,232.7,225.78,-2.28
26.04.2015,219.7,226.1,221.48,214,-2.83
27.04.2015,227.68,219.7,232,218.24,3.63
28.04.2015,225.3,227.13,228.05,222.22,-1.05
29.04.2015,225.23,225.3,227.78,222.67,-0.03
30.04.2015,236.11,225.23,240.2,224.65,4.83
01.05.2015,231.78,236.11,239.19,231.31,-1.83
02.05.2015,234.81,231.78,235.79,231.78,1.31
03.05.2015,240.7,234.81,243.73,235.66,2.51
04.05.2015,238.54,240.57,243.6,237,-0.9
05.05.2015,235.87,238.54,239.45,231.05,-1.12
06.05.2015,229.27,235.87,236.75,227.33,-2.8
07.05.2015,237.29,229.27,239.78,227.82,3.5
08.05.2015,244.5,237.3,248.48,236.2,3.04
09.05.2015,242.54,244.5,249.1,240.1,-0.8
10.05.2015,240.57,242.54,245.88,238.83,-0.81
11.05.2015,242.47,240.73,245.49,238.5,0.79
12.05.2015,241.78,242.47,244.39,240.86,-0.28
13.05.2015,235.8,241.92,245,234.34,-2.47
14.05.2015,236.68,235.7,238.2,232.1,0.37
15.05.2015,237.3,236.68,238.92,233.88,0.26
16.05.2015,235.7,237.3,237.58,234.01,-0.67
17.05.2015,236.22,235.7,238.02,235.62,0.22
18.05.2015,232.82,236.15,237.25,229,-1.44
19.05.2015,231.7,232.82,235.7,231.19,-0.48
20.05.2015,234.24,231.7,235.24,231.56,1.1
21.05.2015,235.27,234.24,236.49,233.92,0.44
22.05.2015,240.97,235.27,241.83,234.59,2.42
23.05.2015,238.81,240.97,241.18,237.56,-0.9
24.05.2015,240.95,238.81,242.98,238.55,0.9
25.05.2015,237.1,240.96,241.12,236.1,-1.6
26.05.2015,237.36,237.1,238.5,235.27,0.11
27.05.2015,236.85,237.36,239.3,235.56,-0.21
28.05.2015,236.86,236.85,237.5,235.92,0
29.05.2015,236.52,236.86,237.16,235.02,-0.14
30.05.2015,232.54,236.52,236.73,230.68,-1.68
31.05.2015,228.7,232.54,232.69,227.13,-1.65
01.06.2015,222,228.7,230.89,219.75,-2.93
02.06.2015,224.68,222,226,220.97,1.21
03.06.2015,225.11,224.68,227,222.26,0.19
04.06.2015,223.24,225.11,225.77,222.64,-0.83
05.06.2015,224.51,223.24,229.23,222.69,0.57
06.06.2015,225.65,224.51,226.85,223.9,0.51
07.06.2015,223.26,225.66,226.67,222.29,-1.06
08.06.2015,228.76,223.26,230.63,223.26,2.46
09.06.2015,229.05,228.76,232.02,227.79,0.13
10.06.2015,228.6,229.06,229.95,227.5,-0.2
11.06.2015,229.82,228.6,230.7,228.6,0.53
12.06.2015,229.44,230,231.34,229.12,-0.17
13.06.2015,232.87,229.44,233.5,228.4,1.49
14.06.2015,233.54,232.87,235.44,232.51,0.29
15.06.2015,236.98,233.54,238.16,233.35,1.47
16.06.2015,252.08,236.98,253.9,236,6.37
17.06.2015,248.95,252.08,259.1,246.11,-1.24
18.06.2015,249.51,248.95,253.7,243,0.22
19.06.2015,244.58,249.51,252.12,243.73,-1.98
20.06.2015,245.38,244.58,245.9,240.05,0.33
21.06.2015,244.25,245.38,245.69,241.09,-0.46
22.06.2015,246.67,244.25,247.99,243.5,0.99
23.06.2015,244.25,246.67,247.35,242.33,-0.98
24.06.2015,239.8,244.25,244.25,239.5,-1.82
25.06.2015,242.05,239.8,242.99,239.5,0.94
26.06.2015,243.29,242.05,243.9,240.64,0.51
27.06.2015,251.61,243.29,251.77,242.6,3.42
28.06.2015,248.72,251.61,252.06,247.25,-1.15
29.06.2015,256.69,248.71,257.7,248.57,3.2
30.06.2015,262.89,256.69,268.86,254.72,2.42
01.07.2015,258.1,262.89,264.78,253.51,-1.82
02.07.2015,254.52,258.1,262.58,253,-1.39
03.07.2015,256.05,254.52,256.9,252.11,0.6
04.07.2015,260.58,256.09,261.93,253.58,1.77
05.07.2015,265.2,260.58,265.27,258,1.77
06.07.2015,274.83,270.1,276.55,268.15,3.63
07.07.2015,265.51,268.84,268.9,263.34,-3.39
08.07.2015,270.83,269.5,271.4,267.4,2
09.07.2015,269.22,269.97,272.8,267.98,-0.59
10.07.2015,286.7,269.22,292.66,268.59,6.49
12.07.2015,311.12,300.57,316.02,300.5,8.52
13.07.2015,292.65,311.15,312,284.51,-5.94
14.07.2015,286.87,292.65,297.13,286.11,-1.98
15.07.2015,285.44,286.87,294.38,283.53,-0.5
16.07.2015,278.93,285.43,294.3,275.24,-2.28
17.07.2015,279.85,278.94,281.5,272.08,0.33
18.07.2015,277.25,279.85,283.33,276.12,-0.93
19.07.2015,275.03,277.25,279.18,274.69,-0.8
20.07.2015,280.31,275.03,280.46,273.5,1.92
21.07.2015,275.78,280.2,282.08,275.25,-1.62
22.07.2015,277.99,275.78,278.38,274.5,0.8
23.07.2015,276.51,277.99,278.44,275.56,-0.53
24.07.2015,288.6,276.48,289.93,276.02,4.37
25.07.2015,289.36,288.6,292.35,286.4,0.26
26.07.2015,293.01,289.36,294.5,288.15,1.26
27.07.2015,294.84,293.01,298.74,286,0.62
28.07.2015,295.23,294.84,298.89,293.61,0.13
29.07.2015,289.92,295.23,295.38,286.59,-1.8
30.07.2015,288.21,289.92,290.98,285,-0.59
31.07.2015,284.45,288.21,289.85,282,-1.3
01.08.2015,280.33,284.45,284.99,276.54,-1.45
02.08.2015,282.49,280.31,283.29,276.28,0.77
03.08.2015,281.27,282.44,287,279.7,-0.43
04.08.2015,285.47,281.28,285.94,281.28,1.49
05.08.2015,282.61,285.47,285.94,281.61,-1
06.08.2015,279.08,282.61,282.61,278.08,-1.25
07.08.2015,280.12,279.08,281,276.07,0.37
08.08.2015,261.34,280.19,280.31,260.62,-6.7
09.08.2015,265.58,261.34,267.6,260.73,1.62
10.08.2015,265.1,265.58,267.68,262.17,-0.18
11.08.2015,271.96,265.1,271.97,264.81,2.59
12.08.2015,267.09,271.96,273.75,265.8,-1.79
13.08.2015,264.47,267.09,268,263.33,-0.98
14.08.2015,266.09,264.47,268.88,262.15,0.61
15.08.2015,262.14,266.32,267.76,260.96,-1.48
16.08.2015,259.9,262.2,262.9,256.5,-0.85
17.08.2015,258.49,259.9,262.01,257.5,-0.54
18.08.2015,183.01,258.49,258.5,171,-29.2
19.08.2015,226.24,193.96,239.44,193.96,23.62
20.08.2015,235.54,226.32,237.81,226.27,4.11
21.08.2015,232.17,235.54,236.43,230.52,-1.43
22.08.2015,230.27,232.17,234.63,221.97,-0.82
23.08.2015,228.53,230.27,232.88,225.59,-0.76
24.08.2015,210.5,228.1,228.64,208.53,-7.89
25.08.2015,222.66,210.5,227.89,198,5.78
26.08.2015,226.21,222.66,232.18,220.11,1.59
27.08.2015,225.8,226.12,229.22,224,-0.18
28.08.2015,231.83,225.8,237.31,220.15,2.67
29.08.2015,230.75,231.83,233.94,227.16,-0.47
30.08.2015,229.99,230.75,233.49,225.76,-0.33
31.08.2015,231.35,229.99,233.69,225.31,0.59
01.09.2015,228.24,231.35,232.33,226.57,-1.34
02.09.2015,229.71,228.24,231.76,226.52,0.64
03.09.2015,227.25,229.71,229.88,226.24,-1.07
04.09.2015,230.89,227.25,231.62,227.08,1.6
05.09.2015,235.84,230.89,239.71,230.01,2.14
06.09.2015,240.97,235.84,246.54,235.5,2.18
07.09.2015,240.85,240.97,243,239.03,-0.05
08.09.2015,244.2,240.85,247.68,240.27,1.39
09.09.2015,238.95,244.2,245.57,238.5,-2.15
10.09.2015,239.49,238.95,241.9,237.01,0.23
11.09.2015,240.6,239.49,242.87,239.4,0.46
12.09.2015,235.77,240.6,241,235.33,-2.01
13.09.2015,230.96,235.77,236.85,228.95,-2.04
14.09.2015,230.89,230.96,233.78,228.41,-0.03
15.09.2015,230.93,230.89,232.93,229.51,0.02
16.09.2015,228.99,230.93,232.12,227.35,-0.84
17.09.2015,233.61,228.99,235.7,228.99,2.02
18.09.2015,233.78,233.61,236.2,232.53,0.07
19.09.2015,232.09,233.78,234.18,231.43,-0.72
20.09.2015,232.12,232.09,233.22,231.4,0.01
21.09.2015,227.22,232.12,232.96,226.38,-2.11
22.09.2015,231.27,227.22,233.25,224.49,1.78
23.09.2015,230.54,231.11,232.98,230.03,-0.32
24.09.2015,234.65,230.54,236.25,230.54,1.78
25.09.2015,235.26,234.65,237.64,233.05,0.26
26.09.2015,234.63,235.26,235.91,233.8,-0.27
27.09.2015,233.37,234.63,234.78,233.06,-0.54
28.09.2015,240.43,233.37,241.42,233.37,3.03
29.09.2015,236.8,240.43,241.5,236.61,-1.51
30.09.2015,236.49,236.8,238.78,235.12,-0.13
01.10.2015,238.48,236.49,240.09,236.2,0.84
02.10.2015,237.86,238.48,240,237.33,-0.26
03.10.2015,239.79,237.86,241.11,237.68,0.81
04.10.2015,239.5,239.79,240.93,239.3,-0.12
05.10.2015,242.01,239.5,242.67,237.21,1.05
06.10.2015,247.36,242,249.01,241.51,2.21
07.10.2015,244.2,247.36,247.93,243.5,-1.28
08.10.2015,242.97,244,245.63,242.62,-0.5
09.10.2015,244.82,243,245.45,242.63,0.76
10.10.2015,246.01,244.82,246.4,243.56,0.49
11.10.2015,247.92,246.01,248.71,244.83,0.78
12.10.2015,246.09,247.99,248.45,245.37,-0.74
13.10.2015,251.25,246.17,253.4,244.08,2.1
14.10.2015,253.54,251.25,255.93,250.1,0.91
15.10.2015,255.19,253.5,257.49,253.44,0.65
16.10.2015,263.47,255.19,267.83,254.92,3.24
17.10.2015,272.94,263.45,275.12,258.32,3.59
18.10.2015,265.04,272.9,274.65,263.32,-2.89
19.10.2015,265.05,265.01,268.28,262.39,0
20.10.2015,270.97,265.1,273.9,264.46,2.23
21.10.2015,267.8,270.99,272.27,264.12,-1.17
22.10.2015,275.83,267.8,279.96,267.3,3
23.10.2015,279.21,275.83,280.9,275.15,1.23
24.10.2015,284.19,279.21,284.47,279,1.78
25.10.2015,284.79,284.19,295.99,281.2,0.21
26.10.2015,287.22,284.7,287.86,282.25,0.85
27.10.2015,295.17,287.22,298.68,287.11,2.77
28.10.2015,304.5,295.29,307.99,295.29,3.16
29.10.2015,314.88,304.5,321.15,301.51,3.41
30.10.2015,328.19,314.88,336,313.82,4.23
31.10.2015,316,328.2,335.43,307.2,-3.71
01.11.2015,330.69,316,333.49,313.6,4.65
02.11.2015,365,330.23,372.48,326.8,10.38
03.11.2015,405.29,365.33,423.88,361.88,11.04
04.11.2015,409.24,405,503.39,366.66,0.97
05.11.2015,387.96,409.23,449.12,371,-5.2
06.11.2015,375.56,387.94,396.7,351.5,-3.2
07.11.2015,384.61,375.56,392.23,371.74,2.41
08.11.2015,374,384.87,390.32,365.74,-2.76
09.11.2015,381.01,374.11,388.84,360.9,1.87
10.11.2015,340.2,381.1,383.4,327.02,-10.71
11.11.2015,314,340.2,343.6,300.78,-7.7
12.11.2015,336.57,314.25,346.2,314.14,7.19
13.11.2015,338.54,337.61,343.57,326.22,0.59
14.11.2015,333.4,338.53,340.72,329,-1.52
15.11.2015,321.07,333.37,336.39,315,-3.7
16.11.2015,332.14,320.52,335,315.22,3.45
17.11.2015,336.29,332.1,342.5,331.05,1.25
18.11.2015,335.95,336.29,338.8,328.1,-0.1
19.11.2015,326.5,335.94,336.39,324.45,-2.81
20.11.2015,322.2,326.49,326.77,309.46,-1.32
21.11.2015,327.55,322.2,329.03,318.95,1.66
22.11.2015,324.66,327.84,327.85,320.36,-0.88
23.11.2015,323.63,324.67,327.01,320.91,-0.32
24.11.2015,320.1,323.63,323.76,315.84,-1.09
25.11.2015,329.85,320.1,331.03,316.05,3.05
26.11.2015,353.99,329.85,369.08,329.35,7.32
27.11.2015,358.9,354,366.7,348.18,1.39
28.11.2015,358.71,358.9,362.12,351.16,-0.05
29.11.2015,373.29,358.6,376,355.62,4.06
30.11.2015,376.88,373.89,384.51,369.97,0.96
01.12.2015,362.68,376.88,379.99,353.24,-3.77
02.12.2015,359.14,362.68,363.13,346.16,-0.98
03.12.2015,360.73,359.12,371.1,352.86,0.44
04.12.2015,363.17,360.53,364.37,354.31,0.68
05.12.2015,390,363.17,394,362.24,7.39
06.12.2015,390.6,390.01,406.77,386.01,0.15
07.12.2015,396.7,390.6,403.81,384.86,1.56
08.12.2015,420.78,396.7,421.44,388.39,6.07
09.12.2015,418.73,422,426.05,406.5,-0.49
10.12.2015,414.94,418.73,421,411.2,-0.91
11.12.2015,456.28,414.94,457,414.8,9.96
12.12.2015,435.67,457,475,404.39,-4.52
13.12.2015,433,435.61,443.81,418.3,-0.61
14.12.2015,442.59,432.51,448.15,427.62,2.21
15.12.2015,466.5,442.59,466.98,442.51,5.4
16.12.2015,454.95,466.01,467,440.02,-2.48
17.12.2015,455.84,454.95,458.5,446.29,0.2
18.12.2015,463.52,455.57,466.6,452.01,1.68
19.12.2015,462.46,463.52,466.99,452.81,-0.23
20.12.2015,442.62,462.44,462.7,431.75,-4.29
21.12.2015,437.93,442.62,445.9,424.89,-1.06
22.12.2015,435.65,437.52,443.62,433.45,-0.52
23.12.2015,442.62,435.65,445.76,434.61,1.6
24.12.2015,456.13,442.62,459.05,442.45,3.05
25.12.2015,455.47,456.13,459.99,445.86,-0.14
26.12.2015,416.51,455.47,459.31,405.55,-8.55
27.12.2015,422.37,416.51,424.89,407,1.41
28.12.2015,420.24,422.32,429,417.02,-0.5
29.12.2015,431.85,420.11,432.2,418.03,2.76
30.12.2015,424.7,431.79,434,420,-1.66
31.12.2015,429.02,424.7,432.57,412.53,1.02
01.01.2016,433.98,429.02,436.49,426.26,1.16
02.01.2016,432.7,433.98,435.79,430,-0.29
03.01.2016,428.66,432.7,433.07,422,-0.93
04.01.2016,432.9,428.64,435.67,426.97,0.99
05.01.2016,431.84,432.9,434.91,428.22,-0.24
06.01.2016,427.99,431.84,432.17,425.03,-0.89
07.01.2016,459.05,428.89,461.89,427.11,7.26
08.01.2016,454,458.78,465,446.75,-1.1
09.01.2016,449.23,454,456.01,447.46,-1.05
10.01.2016,449.35,449.23,450.26,441.01,0.03
11.01.2016,449.26,449.35,452.47,443.59,-0.02
12.01.2016,432.05,449.26,449.63,429.34,-3.83
13.01.2016,431.08,432.04,436.36,416.37,-0.22
14.01.2016,429.25,431.08,434.91,426.03,-0.42
15.01.2016,358.85,429.25,429.43,358,-16.4
16.01.2016,388.42,359.02,392.4,353.21,8.24
17.01.2016,382.07,388.44,392.79,378.82,-1.63
18.01.2016,387.04,382.02,389.43,375.11,1.3
19.01.2016,378.96,387.04,388.35,377.44,-2.09
20.01.2016,419.41,378.93,427.98,375.01,10.67
21.01.2016,411,419.55,424.57,405.02,-2.01
22.01.2016,380.96,411,411.19,371.33,-7.31
23.01.2016,385.57,380.96,394,379.85,1.21
24.01.2016,402.77,385.57,407.02,385.1,4.46
25.01.2016,390.98,402.77,402.77,384,-2.93
26.01.2016,391.32,390.96,398,387.48,0.09
27.01.2016,394.97,391.32,396.99,389.66,0.93
28.01.2016,378.39,394.7,395.48,375.61,-4.2
29.01.2016,377.63,378.39,385.31,360.23,-0.2
30.01.2016,376.96,377.62,380.5,374,-0.18
31.01.2016,365.5,376.96,378.9,362.57,-3.04
01.02.2016,371.42,365.52,378.96,363.26,1.62
02.02.2016,372.9,371.42,374.75,369.9,0.4
03.02.2016,368.98,372.9,373.97,366,-1.05
04.02.2016,389.8,368.98,393.89,368.65,5.64
05.02.2016,386.54,389.8,392.57,384.5,-0.84
06.02.2016,373.75,386.54,386.54,366.44,-3.31
07.02.2016,372.01,373.71,377.78,369.2,-0.47
08.02.2016,370.49,372.01,376.74,369.1,-0.41
09.02.2016,373.97,370.49,377.6,370.28,0.94
10.02.2016,380.89,374.31,386.52,373.13,1.85
11.02.2016,378,380.9,383,372.25,-0.76
12.02.2016,382.98,377.99,383.53,377.09,1.32
13.02.2016,392.99,382.94,393,382.56,2.61
14.02.2016,408.3,392.99,408.66,392.97,3.9
15.02.2016,399.9,408.3,412.5,395.35,-2.06
16.02.2016,407.27,399.9,408.76,398.66,1.84
17.02.2016,414.86,407.27,421.74,405.32,1.86
18.02.2016,421.5,414.88,426.01,413.08,1.6
19.02.2016,419.99,421.5,422.54,412,-0.36
20.02.2016,438.7,419.77,445.02,419.72,4.45
21.02.2016,440.48,438.7,451.24,428.26,0.41
22.02.2016,440.27,440.49,442.48,433.44,-0.05
23.02.2016,421.13,440.25,442.64,416.27,-4.35
24.02.2016,426.36,421.4,427.48,410.69,1.24
25.02.2016,424.88,426.36,429.95,419.5,-0.35
26.02.2016,435.31,424.88,435.31,419.97,2.45
27.02.2016,434.21,435.49,437.97,431.81,-0.25
28.02.2016,434.47,434.21,437.77,422.1,0.06
29.02.2016,439.16,434.45,444.79,430.51,1.08
01.03.2016,434.82,439.16,442.79,428.5,-0.99
02.03.2016,422.22,434.82,436.31,421.12,-2.9
03.03.2016,420.56,422.09,424.43,416.4,-0.39
04.03.2016,408.82,420.56,423.99,407.66,-2.79
05.03.2016,397.36,408.82,410.14,389.74,-2.8
06.03.2016,403.91,397.36,409.5,392.02,1.65
07.03.2016,412.7,403.75,415.3,401.6,2.18
08.03.2016,411.35,412.62,415.9,406,-0.33
09.03.2016,412.94,411.35,414.5,407.76,0.39
10.03.2016,416.51,413.05,417.17,410.7,0.86
11.03.2016,420.49,416.51,423.6,415.5,0.96
12.03.2016,410.01,420.47,421.81,406.46,-2.49
13.03.2016,411.82,410.01,416,410,0.44
14.03.2016,415.99,411.87,417.85,411.83,1.01
15.03.2016,415.5,415.91,418.81,412.78,-0.12
16.03.2016,417.28,415.5,418,413.96,0.43
17.03.2016,418.75,417.28,420.6,416.67,0.35
18.03.2016,407.7,418.75,418.86,403.01,-2.64
19.03.2016,408.41,407.7,410.73,404,0.17
20.03.2016,411.25,408.41,412.97,407.92,0.7
21.03.2016,411.88,411.25,412.14,406,0.15
22.03.2016,417.69,411.88,418.68,409.88,1.41
23.03.2016,418.12,417.7,419.72,415.83,0.1
24.03.2016,415.3,418.12,418.12,414,-0.67
25.03.2016,416,415.3,417.03,413.03,0.17
26.03.2016,416.71,416,418.74,414.51,0.17
27.03.2016,427.37,416.71,430.95,415.79,2.56
28.03.2016,424.06,427.37,427.98,422.4,-0.77
29.03.2016,415.81,424.06,426.41,407.5,-1.95
30.03.2016,413.2,416,416,408.58,-0.63
31.03.2016,416.02,413.2,418.25,413.04,0.68
01.04.2016,417.56,416.02,417.6,414,0.37
02.04.2016,420.3,417.9,422.8,417.53,0.66
03.04.2016,420.6,420.3,421.73,417.56,0.07
04.04.2016,420.46,420.6,421.2,416.25,-0.03
05.04.2016,423.75,420.46,424.57,419.61,0.78
06.04.2016,422.57,423.75,424.48,421.69,-0.28
07.04.2016,422.28,422.57,422.86,417.78,-0.07
08.04.2016,418.5,422.28,424.48,415.5,-0.9
09.04.2016,418.47,418.5,418.76,412,-0.01
10.04.2016,421.32,418.47,422.82,417.49,0.68
11.04.2016,423.74,421.32,423.88,418.8,0.57
12.04.2016,426.59,423.74,430,423.7,0.67
13.04.2016,424.75,426.59,427.68,423,-0.43
14.04.2016,426.01,424.75,426.44,424.02,0.3
15.04.2016,431.48,426.01,432.43,426.01,1.28
16.04.2016,432.04,431.48,435.67,430.47,0.13
17.04.2016,428.51,432.52,433.49,426.37,-0.82
18.04.2016,430.04,428.51,430.91,426.52,0.36
19.04.2016,437.76,430.03,439,428.55,1.8
20.04.2016,443.95,437.81,446.49,436.6,1.41
21.04.2016,452.03,443.93,454.5,442.27,1.82
22.04.2016,447.8,452.26,453.15,444.55,-0.94
23.04.2016,453.69,447.8,454.6,445.67,1.32
24.04.2016,463.01,453.69,464.98,450.2,2.05
25.04.2016,461.77,463.02,471.58,455,-0.27
26.04.2016,468.14,461.77,471.99,461.77,1.38
27.04.2016,445.09,468.14,469.72,443.42,-4.92
28.04.2016,450.46,444.85,450.83,435.01,1.21
29.04.2016,455.32,450.46,457.38,445.8,1.08
30.04.2016,446.6,455.32,455.98,445.07,-1.92
01.05.2016,451.11,446.6,452.95,445.69,1.01
02.05.2016,443.73,451.12,452.5,436.01,-1.64
03.05.2016,450.39,443.73,452,440.1,1.5
04.05.2016,447.38,450.39,450.98,445.08,-0.67
05.05.2016,448.4,447.38,450.43,446.15,0.23
06.05.2016,461.18,448.4,465,448,2.85
07.05.2016,460.2,461.18,463.03,458.3,-0.21
08.05.2016,459.87,460.2,461.62,456.04,-0.07
09.05.2016,461.56,459.87,465.4,457.8,0.37
10.05.2016,450.7,461.56,464,446.17,-2.35
11.05.2016,452.28,450.7,454.67,450.05,0.35
12.05.2016,455,452.28,456.1,445.94,0.6
13.05.2016,455.77,455.01,457.49,452,0.17
14.05.2016,455.8,455.76,458.5,454.1,0.01
15.05.2016,457.89,455.8,460.67,454.71,0.46
16.05.2016,453,457.89,458.95,451.01,-1.07
17.05.2016,453.24,453,454.91,451.03,0.05
18.05.2016,453.51,453.24,456.89,451.53,0.06
19.05.2016,435,453.52,454.7,433.01,-4.08
20.05.2016,441.57,434.55,443.14,433.01,1.51
21.05.2016,440.81,441.57,442.16,436.98,-0.17
22.05.2016,437.48,440.81,440.99,435.1,-0.76
23.05.2016,443.66,437.48,444.4,436.52,1.41
24.05.2016,445.03,443.51,447.83,442.39,0.31
25.05.2016,449.06,445.03,450.36,443,0.91
26.05.2016,453.95,449.09,454.7,446.01,1.09
27.05.2016,472.03,453.95,482.28,453.58,3.98
28.05.2016,527.01,472,541.01,471,11.65
29.05.2016,531,527,567,512.5,0.76
30.05.2016,532.89,531,548.37,521.11,0.36
31.05.2016,530.69,532.89,546.5,518,-0.41
01.06.2016,536.79,530.69,546.12,523.8,1.15
02.06.2016,538.8,536.79,543.74,532.38,0.37
03.06.2016,570.87,538.8,579,535.78,5.95
04.06.2016,572.67,570.87,593.67,561.5,0.32
05.06.2016,574,572.87,586.01,565.23,0.23
06.06.2016,585.22,574.01,588.5,574,1.95
07.06.2016,576.88,585.22,592.08,561.3,-1.43
08.06.2016,583.05,576.88,585,571.11,1.07
09.06.2016,575.52,583.05,583.65,570,-1.29
10.06.2016,580.08,575.52,582.42,572.5,0.79
11.06.2016,614.52,580.08,615,579.29,5.94
12.06.2016,671,614.62,685,606.98,9.19
13.06.2016,705.88,671.99,718.99,659.94,5.2
14.06.2016,684.51,705.87,705.88,656.51,-3.03
15.06.2016,696.88,684.51,699.13,669.21,1.81
16.06.2016,769.45,696.99,778.5,696.99,10.41
17.06.2016,748.66,769.45,779.98,703.12,-2.7
18.06.2016,757.6,748.66,789.71,721.56,1.19
19.06.2016,767.3,757.6,771.91,740,1.28
20.06.2016,743.9,767.3,767.7,724.29,-3.05
21.06.2016,668.88,705.79,715.78,668.88,-10.08
22.06.2016,606.02,669,688.2,588.89,-9.4
23.06.2016,625.8,605.58,638.22,555.58,3.26
24.06.2016,666.05,625.8,679.95,625.79,6.43
25.06.2016,664.87,665.5,698,642.82,-0.18
26.06.2016,627.42,664.87,667.88,614.33,-5.63
27.06.2016,662.2,627.42,662.2,617.29,5.54
28.06.2016,646.3,662.2,664.25,632.95,-2.4
29.06.2016,639.68,646.61,646.61,621.95,-1.02
30.06.2016,674.74,639.97,677.46,635.57,5.48
01.07.2016,674.75,674.74,690.58,667.62,0
02.07.2016,705.04,674.75,705.35,673.36,4.49
03.07.2016,659.29,705.99,706.98,644.4,-6.49
04.07.2016,681.34,659.29,684.2,644.46,3.34
05.07.2016,667.76,681.34,682.7,659.25,-1.99
06.07.2016,677.04,667.8,682.62,667,1.39
07.07.2016,640.51,677.36,682,610.1,-5.4
08.07.2016,664.8,640.51,666.6,633.97,3.79
09.07.2016,648.11,664.8,664.8,623.99,-2.51
10.07.2016,649.72,648.12,651.47,636.92,0.25
11.07.2016,647.95,649.72,662.54,643.4,-0.27
12.07.2016,667.19,647.95,678.01,645.6,2.97
13.07.2016,653.7,667.07,669.87,652.52,-2.02
14.07.2016,659.78,653.7,666,649.97,0.93
15.07.2016,665.5,659.78,669.56,658.16,0.87
16.07.2016,665.33,665.5,669.59,659.13,-0.03
17.07.2016,683.2,665.33,689.69,663.61,2.69
18.07.2016,674.3,683.2,686,666.46,-1.3
19.07.2016,675,674.3,676.64,666.32,0.1
20.07.2016,665.85,675,676,661.26,-1.36
21.07.2016,665.01,665.85,668,657.58,-0.13
22.07.2016,648.04,665.01,668,639.97,-2.55
23.07.2016,654.03,648.04,657.1,644.98,0.92
24.07.2016,661.82,654.03,664.1,650.52,1.19
25.07.2016,654.17,661.82,664.39,650,-1.16
26.07.2016,648.47,654.17,657.59,640.59,-0.87
27.07.2016,654.51,648.47,657.06,646.6,0.93
29.07.2016,658.34,656.97,660.44,654.54,0.59
30.07.2016,654.99,658.34,660.45,651.85,-0.51
31.07.2016,623.67,654.99,655.12,621.26,-4.78
01.08.2016,607.99,622.7,627.32,605.01,-2.51
02.08.2016,604,608.29,615.26,595,-0.66
03.08.2016,0,0,0,0,-100
04.08.2016,0,0,0,0,0
05.08.2016,0,0,0,0,0
06.08.2016,0,0,0,0,0
07.08.2016,604.1,604.1,604.1,604.1,0
08.08.2016,604.1,604.1,604.1,604.1,0
09.08.2016,604.1,604.1,604.1,604.1,0
10.08.2016,590.28,604.1,614.5,579,-2.29
11.08.2016,591.27,590.5,599,587.75,0.17
12.08.2016,585.5,591.27,593,584,-0.98
13.08.2016,583.73,585.5,590.02,582.06,-0.3
14.08.2016,569.44,583.73,583.73,564,-2.45
15.08.2016,564.64,569.41,574.02,562.99,-0.84
16.08.2016,574.24,564.64,579,564,1.7
17.08.2016,571.83,574.17,577.94,569.01,-0.42
18.08.2016,572.21,571.83,578.02,569.71,0.07
19.08.2016,573.5,572.33,577.17,570.82,0.23
20.08.2016,582.01,573.51,582.75,571.25,1.48
21.08.2016,581.42,582.1,584.16,580.01,-0.1
22.08.2016,588.01,581.42,589.99,581.42,1.13
23.08.2016,583.54,588.01,590.69,581.12,-0.76
24.08.2016,580.32,583.54,586.88,580,-0.55
25.08.2016,577.2,580.32,581.14,574.01,-0.54
26.08.2016,578.01,577.2,579.5,575.06,0.14
27.08.2016,568.55,578.02,578.9,567.23,-1.64
28.08.2016,574.17,568.55,574.37,568.3,0.99
29.08.2016,574.78,574.17,577.99,573.02,0.11
30.08.2016,579.49,574.78,580.15,574.17,0.82
31.08.2016,576.15,579.49,579.49,572.74,-0.58
01.09.2016,572.73,576.15,577.98,571.5,-0.59
02.09.2016,579.85,572.73,581.07,570.61,1.24
03.09.2016,609.89,579.85,612.43,576.04,5.18
04.09.2016,614.52,609.89,618.65,604.6,0.76
05.09.2016,611.5,614.52,615.67,605.7,-0.49
06.09.2016,615.23,611.5,616.7,609.77,0.61
07.09.2016,619.75,615.06,620.63,610.85,0.73
08.09.2016,631.73,619.75,636.16,617.78,1.93
09.09.2016,626.25,631.73,633.45,621.26,-0.87
10.09.2016,628,626.25,629.65,624.9,0.28
11.09.2016,612.08,628,635,598,-2.54
12.09.2016,611.62,612.08,615.21,608.14,-0.08
13.09.2016,614.23,611.62,618,610,0.43
14.09.2016,613.88,614.23,617.38,612.01,-0.06
15.09.2016,611.81,613.88,617.3,611,-0.34
16.09.2016,610.01,611.81,614.22,609.54,-0.29
17.09.2016,607.69,610.01,610.56,605,-0.38
18.09.2016,613.03,607.69,615.86,607.37,0.88
19.09.2016,609.79,613.03,615.05,608.92,-0.53
20.09.2016,600.05,609.79,612.01,600.05,-1.6
21.09.2016,597.43,600.13,600.13,592.7,-0.44
22.09.2016,597.08,597.43,598.7,596,-0.06
23.09.2016,603.29,597.08,603.99,595.95,1.04
24.09.2016,602.55,603.29,605.8,601.49,-0.12
25.09.2016,600.36,602.55,603.6,597.63,-0.36
26.09.2016,609.14,600.36,610,599.88,1.46
27.09.2016,605.53,609.14,609.91,602.01,-0.59
28.09.2016,603.76,605.53,605.77,603.13,-0.29
29.09.2016,604.6,603.76,607.77,603.18,0.14
30.09.2016,611.1,604.6,612.92,604.25,1.08
01.10.2016,614.09,611.1,616.87,611.1,0.49
02.10.2016,609.09,614.09,614.21,607.01,-0.81
03.10.2016,612.57,609.09,613.22,608.93,0.57
04.10.2016,610.98,612.67,614,609.63,-0.26
05.10.2016,614.09,610.71,617.28,610,0.51
06.10.2016,613.51,614.09,615.9,612.68,-0.09
07.10.2016,620.13,613.51,621.17,613,1.08
08.10.2016,620.5,620.13,622.87,617.91,0.06
09.10.2016,616.56,620.5,620.91,614.43,-0.63
10.10.2016,618.87,616.56,620,615.91,0.37
11.10.2016,641.74,618.87,645.98,618.06,3.7
12.10.2016,637.63,641.87,644.07,637.26,-0.64
13.10.2016,637.01,637.63,643.67,636.38,-0.1
14.10.2016,643,637.01,645.4,636.72,0.94
15.10.2016,640.2,643,645.69,637.91,-0.44
16.10.2016,644.17,640.2,645.8,639.82,0.62
17.10.2016,639.79,644.18,644.56,637.77,-0.68
18.10.2016,638.8,639.79,641.65,632.93,-0.15
19.10.2016,631.77,638.68,643.9,627.84,-1.1
20.10.2016,632.46,631.77,633.61,628,0.11
21.10.2016,636.73,632.46,639,632,0.68
22.10.2016,664.99,636.73,670.98,635.06,4.44
23.10.2016,659.03,664.99,671.4,656.04,-0.9
24.10.2016,654.65,659.03,659.03,654.01,-0.66
25.10.2016,659.52,654.65,670,652.65,0.74
26.10.2016,678.7,659.52,685.61,658.46,2.91
27.10.2016,688.67,678.7,690.62,676.69,1.47
28.10.2016,693.47,688.67,695.02,681.59,0.7
29.10.2016,714.51,693.47,723.99,692.28,3.03
30.10.2016,702.55,714.51,716.61,697.77,-1.67
31.10.2016,704.09,702.55,706,688,0.22
14.11.2016,707.43,708.13,709,699,0.47
15.11.2016,712.17,707.43,720.01,707.4,0.67
16.11.2016,744.99,712.17,747.49,710.13,4.61
17.11.2016,740.67,744.98,762.41,735,-0.58
18.11.2016,753.97,740.67,756.94,734.5,1.8
19.11.2016,752.9,753.97,759.99,740.01,-0.14
20.11.2016,729.67,752.9,757,712.02,-3.09
21.11.2016,738.99,729.67,740.6,728.08,1.28
22.11.2016,750.05,738.99,753.91,733.27,1.5
23.11.2016,741.99,749.85,750.91,730.79,-1.07
24.11.2016,737.68,742,744.32,727.61,-0.58
25.11.2016,740.36,737.68,741.12,730,0.36
26.11.2016,731.19,740.36,740.99,720,-1.24
27.11.2016,724.99,731.19,736.19,722.5,-0.85
28.11.2016,731.52,724.9,734.99,724.9,0.9
29.11.2016,731.05,731.52,733.93,728.68,-0.06
30.11.2016,739,731.05,743.14,729.13,1.09
01.12.2016,755.36,739,756,738.8,2.21
02.12.2016,774.91,755.36,779.21,755.15,2.59
03.12.2016,765.27,774.88,774.88,755.99,-1.24
04.12.2016,768.5,765.46,769.99,760.9,0.42
05.12.2016,750.62,768.5,768.99,744.59,-2.33
06.12.2016,757.36,750.62,758.5,750.44,0.9
07.12.2016,765.01,757.18,772.15,749.11,1.01
08.12.2016,765.01,765.01,773.2,762.66,0
09.12.2016,770.5,765.01,772.72,765,0.72
10.12.2016,772.9,770.5,777.77,769.99,0.31
11.12.2016,770.21,772.9,773.73,761.84,-0.35
12.12.2016,777.99,770.21,784.1,770.21,1.01
13.12.2016,775,777.99,788.86,763.7,-0.38
14.12.2016,774.49,775,781.16,771.17,-0.07
15.12.2016,777.43,774.49,780.11,774.49,0.38
16.12.2016,784.17,777.43,785.03,775.86,0.87
17.12.2016,790.99,784.17,793,784.17,0.87
18.12.2016,790.21,790.99,792.8,784.39,-0.1
19.12.2016,790.59,790.21,792.21,787.96,0.05
20.12.2016,797.99,790.59,802.33,788.01,0.94
21.12.2016,829.99,798.77,830.5,794.99,4.01
22.12.2016,859.2,829.34,873.86,825,3.52
23.12.2016,918.99,859.2,920,859,6.96
24.12.2016,895.24,918.99,919.85,882.79,-2.58
25.12.2016,897.99,895.24,901.48,858.63,0.31
26.12.2016,906.4,898,919.99,894.21,0.94
27.12.2016,936.32,906.4,940,903.51,3.3
28.12.2016,981.7,936.43,983,936.38,4.85
29.12.2016,972.63,981.7,983,948.99,-0.92
30.12.2016,959.26,974.74,974.74,929.75,-1.37
31.12.2016,966.58,959.16,968,945.01,0.76
01.01.2017,998.99,966.58,1006.5,961.26,3.35
02.01.2017,1019.3,999.24,1034.8,997.3,2.03
03.01.2017,1037.5,1019.3,1038.7,1013.5,1.79
04.01.2017,1139.6,1037.5,1150,1036.4,9.84
05.01.2017,1003.2,1139.8,1166,865.38,-11.97
06.01.2017,898,1003.8,1025,871,-10.49
07.01.2017,908.84,898.5,911,816.1,1.21
08.01.2017,915.9,908.84,942.5,890,0.78
09.01.2017,903,915.9,916.1,876.3,-1.41
10.01.2017,905.76,903,917.88,895.5,0.31
11.01.2017,778.58,905.76,922.63,760,-14.04
12.01.2017,804.58,779.54,831.16,738.66,3.34
13.01.2017,828.12,804.58,832.29,776,2.93
14.01.2017,815.3,828.12,838.54,800.71,-1.55
15.01.2017,820.74,815.3,822.98,805.13,0.67
16.01.2017,830.1,820.74,837.89,814.79,1.14
17.01.2017,903.99,830.1,910.77,828,8.9
18.01.2017,887.76,903.99,913.85,847.3,-1.8
19.01.2017,900.29,887.6,908.2,884.57,1.41
20.01.2017,895.96,900.29,904.5,883.34,-0.48
21.01.2017,924.02,895.74,931.01,893.89,3.13
22.01.2017,923.72,924.02,939.73,892,-0.03
23.01.2017,910.03,923.72,928.82,910.03,-1.48
24.01.2017,886.1,908.41,927,884.2,-2.63
25.01.2017,893.35,886.1,899.61,884.2,0.82
26.01.2017,915.12,893.35,917.64,893.35,2.44
27.01.2017,916.7,915.12,922.16,905.05,0.17
28.01.2017,919.43,916.7,923.98,915.01,0.3
29.01.2017,912.56,919.43,922.99,910.72,-0.75
30.01.2017,917.36,912.55,920.79,910.01,0.53
31.01.2017,966.19,917.36,969.38,916.75,5.32
01.02.2017,983.73,966.19,984.99,960.1,1.82
02.02.2017,1005.7,983.73,1010.5,970.11,2.23
03.02.2017,1015.7,1007,1020.5,988.34,0.99
04.02.2017,1031.1,1016.8,1040,1001.6,1.52
05.02.2017,1006.6,1031.1,1033,996.35,-2.38
06.02.2017,1022.6,1006.6,1026.2,1006,1.59
07.02.2017,1052.1,1022.6,1056.3,1021.7,2.88
08.02.2017,1048.8,1052.5,1068,1013.2,-0.31
09.02.2017,984.97,1049,1078,936.41,-6.09
10.02.2017,992,984.97,1002,949.39,0.71
11.02.2017,1000.3,992.1,1009,984.19,0.84
12.02.2017,996.01,1000.1,1005.4,992.33,-0.43
13.02.2017,996.5,996,1004.5,975.9,0.05
14.02.2017,1013.7,996.52,1019,988.88,1.73
15.02.2017,1013.8,1013.3,1017.3,1002.4,0.01
16.02.2017,1038.4,1013.9,1045.7,1013.9,2.43
17.02.2017,1056.2,1038.5,1065.8,1034.1,1.71
18.02.2017,1059.8,1056.2,1071.1,1053.1,0.34
19.02.2017,1056.2,1059.8,1066,1045,-0.34
20.02.2017,1091.2,1056.2,1100.3,1044.1,3.31
21.02.2017,1129.6,1091.3,1134,1085,3.52
22.02.2017,1125.3,1129.6,1140,1106.4,-0.38
23.02.2017,1190.9,1125.5,1196.9,1120.4,5.83
24.02.2017,1185.1,1189.9,1222.2,1111.1,-0.49
25.02.2017,1153,1185.4,1189.9,1131.5,-2.71
26.02.2017,1178.3,1153,1185.9,1130.9,2.19
27.02.2017,1195.5,1178.3,1202.6,1171,1.46
28.02.2017,1189.1,1196,1216,1177.8,-0.54
01.03.2017,1232.8,1189.1,1233.5,1186,3.68
02.03.2017,1262.3,1232.9,1283.1,1213,2.39
03.03.2017,1288.2,1257.6,1294.7,1256.6,2.05
04.03.2017,1267.8,1289.1,1291.8,1240.1,-1.58
05.03.2017,1278.4,1267.8,1279.8,1245.3,0.84
06.03.2017,1279.3,1278.4,1287.8,1268.6,0.07
07.03.2017,1232.4,1279.2,1281.8,1185.9,-3.67
08.03.2017,1149.3,1232.4,1243.6,1142.2,-6.74
09.03.2017,1190.4,1150,1207.5,1136,3.58
10.03.2017,1113.6,1190.4,1328.8,971,-6.45
11.03.2017,1172.8,1113.5,1196.1,1107,5.32
12.03.2017,1225.2,1172.4,1232.6,1167.5,4.47
13.03.2017,1238.5,1224.4,1246.9,1207.5,1.09
14.03.2017,1245,1238.5,1257.9,1218.9,0.52
15.03.2017,1256.1,1245,1262,1241.3,0.89
16.03.2017,1169,1256.1,1259.7,1132.5,-6.93
17.03.2017,1068.4,1169.1,1169.6,1066,-8.61
18.03.2017,971,1067.8,1097.1,935.11,-9.12
19.03.2017,1016.1,971.9,1058.9,971,4.64
20.03.2017,1039,1016.5,1052.1,1011.2,2.25
21.03.2017,1115,1040.4,1120.9,1040.1,7.31
22.03.2017,1039.1,1115.9,1116,986.3,-6.81
23.03.2017,1033,1039.4,1055,1018,-0.59
24.03.2017,943.1,1032.7,1034.2,928.3,-8.7
25.03.2017,972.17,942.13,980,891,3.08
26.03.2017,969,971.31,1005.5,950.1,-0.33
27.03.2017,1042.7,968.9,1046.9,960.1,7.61
28.03.2017,1044.7,1042.8,1066.5,1016.8,0.19
29.03.2017,1041.8,1044.7,1058.9,1009.3,-0.28
30.03.2017,1041,1041.7,1053.5,1022.2,-0.08
31.03.2017,1081.7,1042.1,1089.4,1041,3.91
01.04.2017,1093.2,1081.3,1106.9,1070.2,1.06
02.04.2017,1107.6,1093.5,1118.2,1081,1.32
03.04.2017,1150.2,1107.8,1159.9,1107.8,3.85
04.04.2017,1145,1150.1,1161.9,1124.1,-0.45
05.04.2017,1140.6,1145.8,1146.7,1112.3,-0.38
06.04.2017,1191.5,1140.3,1206.4,1140.3,4.46
07.04.2017,1196.6,1191.5,1208.9,1176.7,0.43
08.04.2017,1188.1,1196.6,1202.6,1171.3,-0.71
09.04.2017,1215.9,1188.1,1226.9,1180.2,2.34
10.04.2017,1220.3,1215.9,1229.9,1208.1,0.36
11.04.2017,1235.6,1220.3,1243.4,1209.1,1.25
12.04.2017,1227.4,1236.9,1239,1221,-0.66
13.04.2017,1187,1227.4,1235.1,1163.5,-3.29
14.04.2017,1206.8,1187,1219.1,1184,1.67
15.04.2017,1193.3,1206.8,1215,1190,-1.12
16.04.2017,1212,1193.3,1217.6,1190.4,1.57
17.04.2017,1240,1212.5,1247,1202.2,2.31
18.04.2017,1265.4,1240,1274.8,1237,2.05
19.04.2017,1260.5,1265.4,1272,1255,-0.39
20.04.2017,1308.4,1260.5,1325.7,1260.1,3.8
21.04.2017,1325.6,1308.7,1333.1,1307.5,1.31
22.04.2017,1347.5,1327.1,1353.1,1290.1,1.65
23.04.2017,1355.2,1346.4,1359,1336,0.57
24.04.2017,1345,1355.3,1359.6,1326.9,-0.75
25.04.2017,1370.3,1345,1378.5,1342.1,1.88
26.04.2017,1399.3,1371,1411.7,1365.1,2.12
27.04.2017,1440.3,1399.3,1449.7,1392.5,2.93
28.04.2017,1415.6,1440.3,1447,1368.3,-1.71
29.04.2017,1423.6,1415.6,1436.6,1401.5,0.57
30.04.2017,1435.2,1425.4,1443.5,1403.3,0.81
01.05.2017,1533.1,1435,1560,1432,6.82
02.05.2017,1560,1533,1604.6,1479.2,1.75
03.05.2017,1617.8,1558.5,1626.9,1542,3.71
04.05.2017,1607.1,1619.4,1701.9,1521.1,-0.66
05.05.2017,1545.1,1607.2,1665.5,1511.7,-3.86
06.05.2017,1597.1,1545.1,1605,1545,3.37
07.05.2017,1619.9,1597,1631.3,1575.1,1.43
08.05.2017,1703.2,1619.8,1715,1618.9,5.14
09.05.2017,1760,1703.5,1813.9,1695.1,3.33
10.05.2017,1796.8,1759.8,1817.4,1722.3,2.09
11.05.2017,1853.9,1796.9,1908,1766.6,3.18
12.05.2017,1735,1853.9,1864.8,1700.8,-6.41
13.05.2017,1820.4,1735,1824,1666,4.92
14.05.2017,1828.1,1820.6,1852.4,1780,0.42
15.05.2017,1772.5,1826.8,1828.5,1720,-3.04
16.05.2017,1785.7,1772,1795.1,1728,0.74
17.05.2017,1870,1786.2,1892.9,1766.4,4.72
18.05.2017,1941.5,1870,1949.9,1861,3.82
19.05.2017,1966.5,1941.5,2000,1925,1.29
20.05.2017,2059.7,1966.5,2072.2,1963.6,4.74
21.05.2017,2029.2,2059.3,2099.1,2001,-1.48
22.05.2017,2085.5,2026.5,2219.9,1979.2,2.77
23.05.2017,2249.3,2087.5,2262.9,2060,7.85
24.05.2017,2394.8,2250,2443.8,2247.7,6.47
25.05.2017,2252,2392.6,2689,2142.1,-5.96
26.05.2017,2127.3,2268.1,2477,2008.7,-5.54
27.05.2017,1972.3,2125.9,2207.9,1810,-7.29
28.05.2017,2056.6,1980,2193,1955.5,4.27
29.05.2017,2207.4,2056.9,2249.8,1990.1,7.33
30.05.2017,2146.7,2207.4,2263.1,2080.4,-2.75
31.05.2017,2191.83,2147.29,2240.1,2002.1,2.1
01.06.2017,2311.6,2191.83,2366.7,2187.4,5.46
02.06.2017,2405.88,2312,2407.8,2271.9,4.08
03.06.2017,2461,2405.9,2481,2348,2.29
04.06.2017,2488.2,2461.6,2498,2376.4,1.11
05.06.2017,2636.2,2488.2,2637.5,2480,5.95
06.06.2017,2843.6,2636.9,2896.5,2620,7.87
07.06.2017,2642.63,2844.6,2850,2600.2,-7.07
08.06.2017,2782.1,2642,2789.3,2570.1,5.28
09.06.2017,2809,2781.5,2849.8,2769.6,0.97
10.06.2017,2806,2809.9,2890.5,2750.8,-0.11
11.06.2017,2936.3,2806,3000,2793.8,4.64
12.06.2017,2571.8,2941.8,2961.9,2298.23,-12.41
13.06.2017,2676.4,2570,2730,2532.6,4.07
14.06.2017,2395.04,2677.1,2720,2284.4,-10.51
15.06.2017,2377.4,2394.3,2455,2050,-0.74
16.06.2017,2437,2377.5,2480,2261.2,2.51
17.06.2017,2610,2435.5,2636.9,2368.7,7.1
18.06.2017,2491.5,2610.1,2635,2421,-4.54
19.06.2017,2580.8,2494.9,2592.7,2481.4,3.58
20.06.2017,2712.2,2585,2779.6,2568.2,5.09
21.06.2017,2621.2,2715.3,2760,2573.3,-3.36
22.06.2017,2672.8,2624.4,2709,2554.8,1.97
23.06.2017,2674.9,2672.8,2725.3,2652.8,0.08
24.06.2017,2502.6,2674.9,2700,2454.1,-6.44
25.06.2017,2477.7,2502.6,2595,2369.1,-0.99
26.06.2017,2394.6,2480,2510.4,2258.7,-3.35
27.06.2017,2521.2,2393.5,2524,2208.1,5.29
28.06.2017,2518.2,2521.3,2561.1,2403.2,-0.12
29.06.2017,2470.1,2518.2,2537,2424.1,-1.91
30.06.2017,2420.7,2472.4,2511.1,2406.6,-2
01.07.2017,2349.5,2420.6,2440.9,2291,-2.94
02.07.2017,2445,2346.2,2470,2302,4.06
03.07.2017,2524,2445.1,2584,2416.2,3.23
04.07.2017,2582.6,2525.9,2628,2512.4,2.32
05.07.2017,2598.5,2579.9,2617.6,2482.5,0.62
06.07.2017,2593.1,2598.6,2603.3,2546,-0.21
07.07.2017,2479.3,2593.2,2598,2447,-4.39
08.07.2017,2542,2479.3,2542.6,2436.8,2.53
09.07.2017,2478,2542,2555.6,2473.7,-2.52
10.07.2017,2318.3,2477.9,2498.1,2240,-6.44
11.07.2017,2282.1,2318.3,2372.8,2183.3,-1.56
12.07.2017,2374.4,2285.6,2394,2195.8,4.04
13.07.2017,2329,2375.6,2400,2293.8,-1.91
14.07.2017,2205.1,2329.4,2345.6,2138,-5.32
15.07.2017,1978.6,2206.5,2210.1,1975.7,-10.27
16.07.2017,1924.9,1979.7,2048.8,1835.8,-2.71
17.07.2017,2219,1925,2223.3,1924.1,15.28
18.07.2017,2302.1,2220,2380.2,2139.8,3.74
19.07.2017,2253.1,2302.2,2399.9,2214.2,-2.13
20.07.2017,2856.3,2253.3,2919.9,2253.3,26.77
21.07.2017,2664,2874.5,2874.5,2615,-6.73
22.07.2017,2845.7,2659,2912.9,2642.8,6.82
23.07.2017,2747.5,2845.7,2875.7,2656.2,-3.45
24.07.2017,2769.7,2750.1,2812,2707.3,0.81
25.07.2017,2560.9,2769.7,2790.1,2435.7,-7.54
26.07.2017,2525.7,2560.9,2612,2404.6,-1.37
27.07.2017,2664.9,2527.74,2682.2,2511,5.51
28.07.2017,2784.8,2664.6,2819.9,2655.5,4.5
29.07.2017,2714.1,2784.8,2794.2,2662.6,-2.54
30.07.2017,2749,2713.7,2756.2,2595,1.29
31.07.2017,2856,2748.9,2883.5,2694.8,3.89
01.08.2017,2731.2,2854.3,2901.6,2615.8,-4.37
02.08.2017,2702,2733.8,2757.8,2640,-1.07
03.08.2017,2790.3,2702,2813,2698,3.27
04.08.2017,2860,2790.3,2874.8,2762.6,2.5
05.08.2017,3256.4,2860,3331.9,2855,13.86
06.08.2017,3227.9,3255,3309.8,3156,-0.88
07.08.2017,3396.7,3232.5,3440,3190,5.23
08.08.2017,3415,3395,3482.9,3343.8,0.54
09.08.2017,3339.9,3415,3424.4,3236.8,-2.2
10.08.2017,3407.9,3340.2,3444.4,3310,2.04
11.08.2017,3644.1,3404.7,3690.6,3380,6.93
12.08.2017,3865.5,3643.4,3965.4,3590,6.08
13.08.2017,4053.3,3866.2,4183.7,3836.1,4.86
14.08.2017,4319.5,4061.6,4330.3,3969.3,6.57
15.08.2017,4151.9,4321,4430,3841.9,-3.88
16.08.2017,4386.3,4160,4403.6,3928.1,5.65
17.08.2017,4260,4386.4,4489.1,4178.1,-2.88
18.08.2017,4090.2,4269.7,4359,3957,-3.99
19.08.2017,4145.1,4088.2,4184.1,3920,1.34
20.08.2017,4064.3,4145,4192,4040.9,-1.95
21.08.2017,4002.5,4066.3,4093.5,3956.4,-1.52
22.08.2017,4074,3998.9,4140,3600,1.79
23.08.2017,4129.1,4086.9,4248.6,4055.9,1.35
24.08.2017,4325.2,4135,4370.8,4093,4.75
25.08.2017,4351.5,4324.1,4461.2,4277.4,0.61
26.08.2017,4341.7,4351.5,4364,4243.6,-0.23
27.08.2017,4331.8,4340.2,4405.7,4305,-0.23
28.08.2017,4383.8,4330.7,4395.2,4175.7,1.2
29.08.2017,4587.1,4385.1,4644.2,4336.7,4.64
30.08.2017,4569,4586.6,4641.1,4481.1,-0.39
31.08.2017,4718.2,4567.9,4749.9,4567.9,3.27
01.09.2017,4904.9,4718.3,4927.4,4660.7,3.96
02.09.2017,4534.4,4911.8,4969,4400.5,-7.55
03.09.2017,4595,4534.2,4699.8,4331,1.34
04.09.2017,4200.4,4599.2,4606,4056.5,-8.59
05.09.2017,4374.9,4210.6,4469.9,3900.1,4.15
06.09.2017,4589.1,4375,4631.4,4361.4,4.9
07.09.2017,4613.5,4594.6,4672.8,4465.3,0.53
08.09.2017,4305.8,4613.5,4686.2,4107.1,-6.67
09.09.2017,4317.9,4304,4381.2,4159.4,0.28
10.09.2017,4232.1,4315.4,4325,3975.8,-1.99
11.09.2017,4203,4234.9,4373.1,4123,-0.69
12.09.2017,4142.9,4198.9,4378.4,4055.5,-1.43
13.09.2017,3849.7,4149.4,4159.6,3734,-7.08
14.09.2017,3238.1,3850.2,3917.2,3206.2,-15.89
15.09.2017,3698,3237.4,3809,2981,14.2
16.09.2017,3685.4,3697.1,3874,3511.1,-0.34
17.09.2017,3666.3,3680.1,3775.9,3476.3,-0.52
18.09.2017,4084.1,3667,4113.9,3667,11.4
19.09.2017,3900,4084.4,4110,3836.2,-4.51
20.09.2017,3873.2,3892.2,4048,3834.1,-0.69
21.09.2017,3603.4,3875.5,3903.7,3564.4,-6.97
22.09.2017,3598.5,3597.3,3743.6,3493.5,-0.14
23.09.2017,3779.6,3598.7,3808,3559.1,5.03
24.09.2017,3652.8,3779.6,3781.3,3620,-3.35
25.09.2017,3930,3654.7,3977,3654.7,7.59
26.09.2017,3879.1,3930,3983,3850.9,-1.3
27.09.2017,4205.4,3881.6,4226.5,3878.1,8.41
28.09.2017,4190,4207.5,4268.6,4125,-0.37
29.09.2017,4169.9,4190,4244.6,4024.7,-0.48
30.09.2017,4367,4168.1,4393.4,4160.1,4.73
01.10.2017,4404.3,4366.6,4420.5,4257.7,0.85
02.10.2017,4400.1,4404.3,4482,4359.8,-0.1
03.10.2017,4311.1,4399.3,4439.9,4222,-2.02
04.10.2017,4215.1,4310.6,4353.8,4177.7,-2.23
05.10.2017,4315.4,4215.9,4364.6,4134.9,2.38
06.10.2017,4371,4312.6,4424.5,4294,1.29
07.10.2017,4436,4370,4477.1,4316.1,1.49
08.10.2017,4613.1,4435.9,4630,4417.6,3.99
09.10.2017,4782.3,4612.4,4874.9,4551.3,3.67
10.10.2017,4777,4782.3,4940,4717.5,-0.11
11.10.2017,4824.9,4777.7,4879.5,4715,1
12.10.2017,5428.5,4824.9,5437.6,4815.1,12.51
13.10.2017,5636.8,5440,5874.3,5376,3.84
14.10.2017,5835,5636.8,5854.3,5567.3,3.52
15.10.2017,5698.6,5838.7,5876.9,5450,-2.34
16.10.2017,5764.4,5712.2,5803.2,5570.4,1.15
17.10.2017,5597.1,5764.8,5779,5511,-2.9
18.10.2017,5565,5597.7,5597.9,5114.3,-0.57
19.10.2017,5694,5574.8,5741,5505.8,2.32
20.10.2017,5984.5,5694,6082.2,5606.4,5.1
21.10.2017,6005.1,5984.9,6190,5873.6,0.34
22.10.2017,5980.5,6005.1,6069.6,5717.9,-0.41
23.10.2017,5906.9,5980.5,6051,5639.8,-1.23
24.10.2017,5509.5,5902.5,5902.5,5457.5,-6.73
25.10.2017,5720,5509.9,5743.9,5367.9,3.82
26.10.2017,5890,5724.2,5966.6,5680.5,2.97
27.10.2017,5759.6,5890,6010.2,5681.2,-2.21
28.10.2017,5720.6,5759.8,5863.9,5634.7,-0.68
29.10.2017,6156,5718.1,6330,5662.9,7.61
30.10.2017,6125.3,6146,6237.2,6010,-0.5
31.10.2017,6458.3,6129.9,6472.1,6082.7,5.44
01.11.2017,6727.3,6450.2,6727.3,6348,4.17
02.11.2017,7019.9,6735,7315.1,6724.5,4.35
03.11.2017,7278.4,7018.9,7447.5,6926.5,3.68
04.11.2017,7369,7104,7521.1,6936.5,1.24
05.11.2017,7382,7370.9,7595,7272,0.18
06.11.2017,6955,7355.1,7429.5,6915.1,-5.78
07.11.2017,7103.3,6959.6,7214.4,6959,2.13
08.11.2017,7445,7102,7527.6,7046.3,4.81
