Data,Safra,CEF_P,CEF_C,IB_FIC,Unibanco,Paribas,BB_F,BB_A,Western,LeggM
12/26/2003,63.74861,2.46000,1.86000,134.50222,1.30831,135.43000,1.73826,2.68000,1773.80977,1.33386
1/2/2004,63.97162,2.46000,1.86000,134.90140,1.31265,135.77000,1.74414,2.69000,1780.66820,1.33859
1/9/2004,64.34600,2.47000,1.87000,135.58463,1.32026,136.79000,1.75615,2.71000,1802.96297,1.35484
1/16/2004,64.86340,2.49000,1.88000,136.43553,1.33039,139.24000,1.77037,2.74000,1810.17780,1.35971
1/23/2004,64.96211,2.49000,1.88000,136.67443,1.33354,139.46000,1.77627,2.75000,1812.60315,1.36100
1/30/2004,65.30793,2.50000,1.89000,137.24769,1.33706,139.98000,1.78612,2.76000,1822.55815,1.36787
2/6/2004,65.45209,2.51000,1.89000,137.75104,1.34286,140.29000,1.79313,2.77000,1827.32211,1.37089
2/13/2004,65.60329,2.52000,1.91000,138.05787,1.34765,140.69000,1.79792,2.78000,1831.87031,1.37374
2/20/2004,65.75004,2.53000,1.91000,138.39747,1.35105,141.14000,1.80304,2.79000,1832.06579,1.37333
2/27/2004,65.92665,2.54000,1.92000,138.81127,1.35410,141.53000,1.80922,2.80000,1837.14050,1.37680
3/5/2004,66.03251,2.54000,1.92000,139.17276,1.35675,141.32000,1.81252,2.80000,1846.78949,1.38348
3/12/2004,66.35334,2.55000,1.93000,139.82775,1.36296,142.48000,1.82227,2.82000,1857.68070,1.39108
3/19/2004,66.61012,2.56000,1.94000,140.39949,1.36796,142.85000,1.82952,2.83000,1868.42210,1.39856
3/26/2004,66.93156,2.57000,1.94000,140.95318,1.37408,143.34000,1.84020,2.85000,1876.90015,1.40434
4/2/2004,67.20285,2.58000,1.95000,141.73046,1.37977,143.78000,1.84905,2.86000,1887.99844,1.41209
4/8/2004,67.39985,2.59000,1.95000,142.12004,1.38439,144.11000,1.85522,2.87000,1895.53517,1.41727
4/16/2004,67.65733,2.59000,1.96000,142.56798,1.38985,144.43000,1.86356,2.89000,1903.44400,1.42261
4/23/2004,68.16722,2.60000,1.97000,143.67121,1.39879,144.92000,1.87677,2.91000,1919.82907,1.43440
4/30/2004,68.45271,2.61000,1.98000,144.05620,1.40312,145.17000,1.88565,2.92000,1918.24263,1.43264
5/7/2004,68.56447,2.61000,1.98000,144.49363,1.40590,145.00000,1.88932,2.93000,1932.10068,1.44242
5/14/2004,68.99868,2.62000,1.99000,145.52168,1.41275,145.36000,1.90140,2.95000,1940.79069,1.44833
5/21/2004,69.38455,2.64000,2.00000,146.32589,1.42127,145.03000,1.91287,2.97000,1960.33327,1.46232
5/28/2004,70.27040,2.65000,2.02000,147.68708,1.43470,145.82000,1.93681,3.00000,1974.26833,1.47213
6/4/2004,70.54712,2.66000,2.02000,148.39426,1.44014,146.23000,1.94481,3.01000,1981.23767,1.47675
6/11/2004,70.89644,2.68000,2.03000,149.11281,1.44907,146.82000,1.95503,3.03000,1994.01233,1.48579
6/18/2004,71.29388,2.69000,2.04000,149.95303,1.45599,147.57000,1.96751,3.05000,2007.47371,1.49523
6/25/2004,71.56825,2.70000,2.05000,150.35876,1.46150,148.12000,1.97704,3.07000,2011.88682,1.49792
7/2/2004,71.39355,2.71000,2.05000,149.76954,1.46015,148.70000,1.97221,3.07000,2016.48121,1.50074
7/9/2004,71.62487,2.72000,2.06000,150.34126,1.46637,149.61000,1.98207,3.09000,2029.89392,1.51012
7/16/2004,71.77937,2.73000,2.06000,150.55311,1.46939,149.91000,1.98704,3.10000,2029.91981,1.50954
7/23/2004,72.06255,2.74000,2.07000,151.37593,1.47657,150.55000,1.99819,3.12000,2041.55305,1.51758
7/30/2004,72.20081,2.74000,2.07000,151.20499,1.47747,150.72000,2.00101,3.13000,2041.22674,1.51674
8/6/2004,72.35951,2.74000,2.07000,151.90945,1.47862,150.80000,2.00393,3.12000,2034.91165,1.51144
8/13/2004,72.38778,2.73000,2.06000,151.60937,1.47088,150.09000,2.00056,3.10000,2006.57238,1.48980
8/20/2004,72.57005,2.73000,2.08000,152.04766,1.47740,150.67000,2.00405,3.12000,2041.03804,1.51478
8/27/2004,72.78507,2.74000,2.08000,152.47441,1.47871,151.07000,2.01040,3.12000,2038.04400,1.51196
9/3/2004,73.13598,2.75000,2.09000,153.42929,1.48740,151.60000,2.02179,3.14000,2051.97240,1.52168
9/10/2004,73.36454,2.76000,2.10000,154.11358,1.49245,152.05000,2.02940,3.15000,2062.79757,1.52922
9/17/2004,73.66318,2.77000,2.11000,154.72275,1.49899,152.68000,2.03862,3.16000,2071.44159,1.53501
9/24/2004,73.97986,2.78000,2.12000,155.40529,1.50414,153.17000,2.04802,3.18000,2080.97112,1.54146
10/1/2004,74.04811,2.79000,2.12000,155.56165,1.50563,153.47000,2.05192,3.18000,2082.89849,1.54228
10/8/2004,74.24332,2.79000,2.12000,155.90056,1.51006,153.91000,2.05792,3.19000,2088.17832,1.54557
10/15/2004,74.40331,2.80000,2.13000,156.27389,1.51233,154.07000,2.06264,3.20000,2093.50720,1.54902
10/22/2004,74.37142,2.81000,2.13000,155.99706,1.51270,154.31000,2.06303,3.20000,2090.46841,1.54615
10/29/2004,74.33424,2.81000,2.13000,155.82736,1.51234,153.86000,2.06179,3.20000,2090.10806,1.54527
11/5/2004,74.49890,2.82000,2.13000,156.13668,1.51605,154.21000,2.06669,3.21000,2095.84965,1.54902
11/12/2004,74.66985,2.82000,2.14000,156.46333,1.51988,154.61000,2.07233,3.22000,2100.63315,1.55193
11/19/2004,74.87003,2.83000,2.14000,156.80072,1.52334,154.93000,2.07686,3.22000,2105.67704,1.55516
11/26/2004,75.01009,2.84000,2.15000,157.22622,1.52740,155.33000,2.08288,3.23000,2113.44967,1.56028
12/3/2004,75.29067,2.85000,2.16000,157.93631,1.53252,155.84000,2.09184,3.25000,2124.20756,1.56760
12/10/2004,75.62969,2.86000,2.17000,158.56068,1.53981,156.45000,2.10076,3.26000,2135.08786,1.57500
12/17/2004,75.79239,2.87000,2.17000,158.84948,1.54284,156.91000,2.10716,3.27000,2142.89822,1.58013
12/24/2004,76.03824,2.88000,2.18000,159.23779,1.54793,157.38000,2.11320,3.28000,2150.43303,1.58505
12/31/2004,76.13364,2.88000,2.18000,159.32865,1.55038,157.74000,2.11568,3.29000,2149.56334,1.58378
1/7/2005,76.09922,2.88000,2.18000,158.79450,1.55177,158.00000,2.11415,3.29000,2144.65571,1.57947
1/14/2005,76.12086,2.88000,2.18000,159.06937,1.55038,158.11000,2.11650,3.29000,2147.23097,1.58073
1/21/2005,76.29019,2.89000,2.18000,159.58658,1.55391,158.61000,2.12274,3.30000,2152.08815,1.58367
1/28/2005,76.27134,2.89000,2.18000,159.72196,1.55318,158.80000,2.12510,3.30000,2148.91853,1.58069
2/4/2005,75.90750,2.89000,2.18000,159.38842,1.54561,158.54000,2.12228,3.29000,2138.77228,1.57259
2/11/2005,76.09588,2.89000,2.18000,159.04245,1.54978,158.88000,2.12579,3.30000,2151.94819,1.58190
2/18/2005,76.34885,2.89000,2.19000,159.65870,1.55036,158.91000,2.12829,3.32000,2158.71373,1.58615
2/25/2005,76.43430,2.90000,2.19000,159.74703,1.55136,159.02000,2.13100,3.32000,2159.73385,1.58626
3/4/2005,76.62385,2.91000,2.20000,160.11248,1.55404,159.36000,2.13686,3.33000,2166.72425,1.59072
3/11/2005,77.06539,2.91000,2.21000,160.80774,1.56014,159.96000,2.14629,3.35000,2181.89818,1.60121
3/18/2005,77.44135,2.92000,2.21000,161.89866,1.56523,160.63000,2.15834,3.36000,2190.82880,1.60711
3/24/2005,77.74161,2.93000,2.22000,162.36695,1.57025,161.15000,2.16584,3.37000,2199.94563,1.61328
4/1/2005,78.21226,2.94000,2.23185,163.25885,1.57888,161.90000,2.17685,3.40000,2214.18685,1.62306
4/8/2005,78.65975,2.96000,2.24460,164.21668,1.58735,162.64000,2.19017,3.42000,2228.96061,1.63321
4/15/2005,79.04517,2.97000,2.25447,164.85998,1.59152,163.25000,2.20292,3.43000,2246.82674,1.64562
4/22/2005,79.37775,2.98000,2.26116,165.35085,1.59896,163.66000,2.20858,3.45000,2261.17271,1.65560
4/29/2005,79.46982,2.99000,2.26408,165.57457,1.60155,164.15000,2.21690,3.45000,2263.48383,1.65662
5/6/2005,79.22476,2.99000,2.26246,165.51132,1.60255,164.27000,2.21353,3.46000,2262.10787,1.65494
5/13/2005,79.04722,3.00000,2.26459,165.52116,1.60232,164.50000,2.21637,3.46000,2257.67269,1.65103
5/20/2005,78.97395,3.00000,2.27034,165.47139,1.60301,164.78000,2.21862,3.46000,2257.31898,1.65010
5/27/2005,79.00832,3.01000,2.27380,165.77091,1.60424,164.95000,2.21897,3.46000,2259.39140,1.65108
6/3/2005,78.59797,3.01000,2.27238,165.83995,1.60042,164.88000,2.21804,3.45000,2249.16476,1.64294
6/10/2005,78.76100,3.01000,2.27426,166.07096,1.60223,165.17000,2.22372,3.46000,2255.04123,1.64656
6/17/2005,78.68370,3.01000,2.27584,165.75449,1.60406,165.46000,2.22508,3.46000,2250.80729,1.64280
6/24/2005,78.48325,3.00000,2.27983,165.78797,1.60313,165.58000,2.22188,3.45000,2246.52235,1.63901
7/1/2005,78.61161,3.01000,2.28591,165.82973,1.60392,165.70000,2.22413,3.45000,2247.23898,1.63886
7/8/2005,78.82511,3.02000,2.29206,166.11755,1.60351,165.35000,2.22950,3.46000,2253.61863,1.64285
7/15/2005,78.91468,3.02000,2.29727,166.26582,1.60387,165.35000,2.23396,3.46000,2253.65965,1.64221
7/22/2005,78.87757,3.02000,2.30208,166.24515,1.60363,165.55000,2.23468,3.46000,2249.65684,1.63863
7/29/2005,79.02405,3.03000,2.30841,166.58336,1.60609,165.82000,2.23768,3.46000,2253.56582,1.64081
8/5/2005,79.10159,3.04000,2.31455,166.59426,1.60923,166.12000,2.24327,3.47000,2255.39718,1.64148
8/12/2005,79.11467,3.04000,2.32044,165.92150,1.61113,166.39000,2.24575,3.47000,2255.06427,1.64051
8/19/2005,79.04000,3.04000,2.32545,165.97247,1.61099,166.53000,2.24659,3.47000,2249.23752,1.63560
8/26/2005,78.81660,3.04000,2.33019,166.14074,1.60968,166.54000,2.24939,3.47000,2244.49936,1.63149
9/2/2005,78.47015,3.03000,2.33273,165.94067,1.60438,166.29000,2.24845,3.46000,2227.22836,1.61828
9/9/2005,78.43607,3.04000,2.33733,165.86863,1.60494,166.49000,2.25141,3.46000,2230.38604,1.62004
9/16/2005,78.40673,3.04000,2.34346,166.33962,1.60581,166.52000,2.25141,3.46000,2224.69095,1.61524
9/23/2005,78.60182,3.05000,2.35031,166.93735,1.60994,166.92000,2.25598,3.46000,2225.04044,1.61483
9/30/2005,78.59619,3.05000,2.35618,167.30053,1.60931,166.86000,2.25465,3.45000,2224.49290,1.61377
10/7/2005,78.82967,3.06000,2.36395,167.82390,1.60041,164.23000,2.25949,3.46000,2231.23224,1.61800
10/14/2005,79.03443,3.06000,2.37059,168.31538,1.60452,164.58000,2.26685,3.47000,2237.70213,1.62215
10/21/2005,79.43367,3.08000,2.37982,169.41468,1.61354,165.10233,2.28104,3.49000,2252.59448,1.63226
10/28/2005,79.79038,3.09000,2.38756,169.87765,1.61899,165.69818,2.28861,3.50000,2263.96902,1.63981
11/4/2005,79.94371,3.09794,2.39362,170.14718,1.62259,165.68137,2.29499,3.51000,2266.65339,1.64119
11/11/2005,80.12678,3.10977,2.40148,170.66700,1.62710,166.28354,2.30004,3.51000,2270.50072,1.64327
11/18/2005,80.25856,3.11721,2.40721,171.15997,1.63013,166.58600,2.30428,3.52000,2276.02805,1.64671
11/25/2005,80.46465,3.12738,2.41475,171.85546,1.63493,167.04852,2.30975,3.53000,2283.38159,1.65132
12/2/2005,80.83407,3.14371,2.42631,172.88369,1.64443,168.20200,2.32208,3.54000,2303.31582,1.66504
12/9/2005,81.08664,3.15530,2.43585,173.55187,1.65055,168.76433,2.32982,3.55000,2306.82336,1.66700
12/16/2005,81.28214,3.16717,2.44473,174.24364,1.65643,169.48325,2.33698,3.56000,2314.33203,1.67174
12/23/2005,81.36350,3.17647,2.45421,175.37380,1.66534,170.16189,2.33974,3.57000,2316.65928,1.67272
12/30/2005,81.63068,3.18674,2.46168,175.84968,1.67010,170.95675,2.34695,3.58000,2324.76850,1.67788
1/6/2006,81.96705,3.20026,2.47456,176.59828,1.67974,171.87478,2.35667,3.59000,2336.08638,1.68537
1/13/2006,82.34523,3.22164,2.49274,177.83954,1.69963,173.90842,2.36876,3.61000,2347.12889,1.69263
1/20/2006,82.76010,3.24155,2.50796,179.16472,1.70934,174.99150,2.38396,3.63000,2361.70889,1.70241
1/27/2006,82.94678,3.24975,2.51401,179.71675,1.71191,175.34685,2.39290,3.64000,2370.02221,1.70769
2/3/2006,83.19186,3.26388,2.52239,180.25106,1.72049,175.94188,2.40033,3.65000,2379.57777,1.71387
2/10/2006,83.72111,3.29496,2.54317,181.07912,1.74621,177.53073,2.40976,3.66000,2383.99881,1.71633
2/17/2006,84.08789,3.31383,2.55623,181.69436,1.76044,178.94870,2.41778,3.68000,2388.49640,1.71885
2/24/2006,84.55893,3.32506,2.56537,182.33019,1.76826,180.99300,2.43193,3.77000,2391.06753,1.71998
3/3/2006,84.87924,3.34246,2.57641,182.79882,1.78253,182.07797,2.43791,3.78000,2394.61117,1.72210
3/10/2006,84.66664,3.33619,2.57305,182.82987,1.77280,181.52941,2.44144,3.78000,2400.21646,1.72540
3/17/2006,85.13967,3.34443,2.58010,183.27288,1.77868,182.83642,2.44654,3.79000,2405.13606,1.72819
3/24/2006,84.83915,3.33007,2.57261,183.21500,1.76611,181.51445,2.44657,3.80000,2407.52182,1.72916
3/31/2006,84.94258,3.33454,2.57706,183.19272,1.77123,181.44362,2.44851,3.80000,2410.49212,1.73057
4/7/2006,85.22513,3.34088,2.58118,183.54455,1.77492,182.22274,2.45272,3.80000,2413.28955,1.73172
4/13/2006,84.98525,3.33595,2.57658,183.49522,1.77272,181.31204,2.45232,3.80000,2413.98184,1.73163
4/20/2006,85.69829,3.34738,2.58273,183.88887,1.78334,182.70082,2.45613,3.80000,2414.57384,1.73148
4/28/2006,85.37620,3.34808,2.58453,183.92850,1.78191,182.18130,2.45704,3.80000,2419.19750,1.73407
5/5/2006,85.52439,3.35260,2.58775,184.15339,1.78366,182.45588,2.46058,3.80000,2423.28244,1.73641
5/12/2006,85.50926,3.35054,2.58953,184.42399,1.77948,182.31894,2.46211,3.79000,2427.70263,1.73885
5/19/2006,85.41351,3.34493,2.58991,184.97145,1.77134,181.52577,2.46648,3.80000,2435.75806,1.74389
5/26/2006,84.58622,3.32317,2.58874,185.53284,1.76417,180.54045,2.46850,3.79000,2442.43774,1.74794
6/2/2006,84.66134,3.32875,2.58829,185.94668,1.75564,180.82989,2.46895,3.78000,2450.08587,1.75268
6/9/2006,84.57550,3.33324,2.59088,186.27818,1.75051,180.59748,2.47194,3.79000,2454.70827,1.75526
6/16/2006,84.44317,3.33757,2.59356,186.45793,1.75278,180.26646,2.47525,3.79000,2459.76799,1.75829
6/23/2006,85.02155,3.35327,2.60491,187.22813,1.75978,181.38462,2.48567,3.81000,2470.96803,1.76556
6/30/2006,85.66018,3.37004,2.61708,187.86498,1.78174,182.66626,2.49606,3.81000,2481.90756,1.77264
7/7/2006,86.46199,3.38608,2.62865,188.67171,1.79638,184.71987,2.50835,3.83000,2490.66358,1.77816
7/14/2006,86.52220,3.39698,2.63625,189.36941,1.79687,185.13974,2.51602,3.84000,2499.46490,1.78369
7/21/2006,87.19758,3.40532,2.64183,190.00672,1.80926,186.82584,2.52592,3.85000,2507.28247,1.78850
7/28/2006,87.58312,3.41557,2.64888,190.65636,1.82456,187.49959,2.53204,3.86000,2510.07125,1.78974
8/4/2006,87.91193,3.42496,2.65531,191.59151,1.83062,188.26413,2.53896,3.87000,2515.31088,1.79273
8/11/2006,88.80941,3.43925,2.66547,193.37664,1.84662,190.10939,2.54889,3.88000,2523.27599,1.79766
8/18/2006,89.09918,3.44822,2.67152,193.68239,1.84944,190.71565,2.55542,3.89000,2530.75190,1.80224
8/25/2006,88.86703,3.45520,2.67602,193.03496,1.84435,190.39923,2.55996,3.90000,2537.80812,1.80652
9/1/2006,89.32636,3.47081,2.68720,194.69563,1.86108,191.37981,2.57110,3.91000,2548.81147,1.81360
9/8/2006,89.34196,3.48254,2.69555,194.33886,1.85761,191.62376,2.57853,3.92000,2557.53137,1.81920
9/15/2006,89.68820,3.49568,2.70480,195.14431,1.86654,192.38882,2.58796,3.94000,2565.67319,1.82423
9/22/2006,89.36798,3.50094,2.70796,194.48007,1.86056,191.91470,2.59272,3.95000,2571.83825,1.82785
9/29/2006,89.67180,3.51088,2.71473,195.10719,1.86723,192.60068,2.59978,3.96000,2578.58875,1.83189
10/6/2006,90.54309,3.52446,2.72430,196.88865,1.88350,194.20851,2.60909,3.97000,2585.54857,1.83607
10/13/2006,90.97427,3.53441,2.73125,197.88818,1.89246,195.03715,2.61568,3.97000,2590.35889,1.83887
10/20/2006,91.32973,3.55006,2.74242,198.54668,1.89900,195.84035,2.62676,3.99000,2604.09150,1.84785
10/27/2006,91.75745,3.56449,2.75263,199.80842,1.90996,196.76540,2.63746,4.02000,2613.48425,1.85374
11/3/2006,92.47633,3.58103,2.76468,200.93054,1.92136,198.16041,2.64997,4.04000,2626.94363,1.86267
11/10/2006,92.75101,3.60067,2.77890,201.49935,1.92626,198.82949,2.66333,4.06000,2642.44398,1.87288
11/17/2006,93.23657,3.62020,2.79320,202.64671,1.93287,200.41275,2.68161,4.09000,2661.88532,1.88603
11/24/2006,93.41360,3.63781,2.80583,203.71052,1.93813,201.13952,2.69655,4.12000,2678.33000,1.89689
12/1/2006,93.56180,3.64914,2.81362,204.27123,1.94237,201.70846,2.70157,4.14000,2689.47161,1.90399
12/8/2006,94.15278,3.66408,2.82416,205.66559,1.95505,202.82162,2.71613,4.16000,2696.50335,1.90818
12/15/2006,94.79762,3.67964,2.83518,207.35685,1.96619,204.21994,2.72696,4.18000,2705.05837,1.91344
12/22/2006,95.16795,3.69228,2.84393,208.54869,1.97218,205.24363,2.73734,4.18000,2716.14073,1.92049
12/29/2006,95.74726,3.70599,2.85371,209.77807,1.98066,206.59496,2.75294,4.20000,2726.17701,1.92695
1/5/2007,96.16595,3.71603,2.86066,210.62963,1.98693,207.59939,2.76591,4.23000,2735.60992,1.93298
1/12/2007,96.17229,3.72264,2.86476,210.53844,1.98996,207.52687,2.77172,4.24000,2745.22200,1.93897
1/19/2007,96.51031,3.73469,2.87305,211.55844,1.99769,208.20596,2.77948,4.25000,2752.17374,1.94307
1/26/2007,96.80929,3.74433,2.87948,212.04248,2.00231,208.99534,2.78841,4.26000,2762.19415,1.94934
2/2/2007,97.04287,3.75360,2.88563,212.57436,2.00751,209.50862,2.79558,4.27000,2769.28246,1.95354
2/9/2007,97.30268,3.76434,2.89290,213.29292,2.01275,210.01825,2.80436,4.29000,2776.16640,1.95758
2/16/2007,97.84486,3.77770,2.90218,215.38950,2.02081,211.43659,2.81331,4.30000,2782.20420,1.96102
2/23/2007,98.07923,3.78388,2.90633,215.97904,2.02466,212.28721,2.81789,4.30000,2786.22898,1.96337
3/2/2007,97.66162,3.78582,2.90682,214.55284,2.02257,211.78552,2.82311,4.31000,2796.49805,1.96979
3/9/2007,98.19784,3.79883,2.91582,216.02484,2.03068,212.55953,2.83423,4.33000,2804.64611,1.97470
3/16/2007,98.44610,3.80777,2.92168,216.52012,2.03504,213.01492,2.84198,4.35000,2809.73345,1.97745
3/23/2007,98.98869,3.82126,2.93102,218.12680,2.04206,214.19261,2.85371,4.37000,2818.88597,1.98306
3/30/2007,99.26116,3.83120,2.93764,219.46839,2.04682,214.79313,2.86362,4.38000,2826.22554,1.98740
4/5/2007,99.66859,3.84390,2.94657,220.66594,2.05264,216.03621,2.88092,4.42000,2831.06883,1.99015
4/13/2007,100.15659,3.85569,2.95460,223.46155,2.05911,217.28326,2.89466,4.44000,2835.31345,1.99231
4/20/2007,102.17028,3.88764,2.97807,228.08662,2.07538,220.40824,2.92182,4.49000,2843.08035,1.99693
4/27/2007,102.46279,3.89514,2.98279,227.88262,2.07685,221.06656,2.93755,4.53000,2856.70577,2.00567
5/4/2007,102.98704,3.90867,2.99233,230.05389,2.08327,222.02231,2.94731,4.54000,2860.27397,2.00750
5/11/2007,103.11021,3.91736,2.99796,230.56621,2.08729,222.53473,2.97451,4.59000,2873.48881,2.01594
5/18/2007,104.61141,3.93706,3.01201,235.01814,2.09859,225.45335,3.01204,4.65000,2886.06012,2.02391
5/25/2007,103.87773,3.93723,3.01109,234.19176,2.09841,224.67382,3.01692,4.66000,2889.80128,2.02569
6/1/2007,104.17763,3.94803,3.01833,235.16501,2.10492,225.50714,3.02978,4.67000,2902.28172,2.03360
6/8/2007,104.15993,3.94807,3.01753,234.62576,2.10666,225.45128,3.03345,4.68000,2906.09816,2.03559
6/15/2007,104.38044,3.96444,3.02900,235.91889,2.11903,226.25196,3.04544,4.69000,2914.75132,2.04080
6/22/2007,104.71008,3.96821,3.03083,235.59722,2.12443,226.96358,3.05302,4.71000,2928.43667,2.04953
6/29/2007,104.58893,3.96876,3.03022,234.91992,2.12664,226.18738,3.06035,4.72000,2936.41162,2.05425
7/6/2007,104.15101,3.97547,3.03430,234.84469,2.13092,225.51994,3.06742,4.73000,2941.93228,2.05726
7/13/2007,104.33648,3.98802,3.04283,235.84422,2.13652,226.66026,3.07740,4.74000,2949.92037,2.06196
7/20/2007,104.34559,3.98811,3.04187,235.04468,2.13636,226.46752,3.08144,4.75000,2956.91669,2.06598
7/27/2007,103.96848,3.98135,3.03568,232.16652,2.13286,223.77205,3.07291,4.74000,2962.68492,2.06914
8/3/2007,103.57347,3.97488,3.02970,230.67548,2.12979,223.93036,3.06877,4.73000,2967.21958,2.07145
8/10/2007,103.57261,3.98187,3.03399,230.36491,2.13303,222.83695,3.06941,4.73000,2973.21533,2.07477
8/17/2007,103.75511,3.95277,3.01078,225.03580,2.11931,216.09646,3.03689,4.68000,2978.93104,2.07789
8/24/2007,104.66912,3.99263,3.04011,228.87900,2.13987,221.57524,3.06643,4.72000,2993.44131,2.08711
8/31/2007,104.81523,4.00545,3.04883,231.20884,2.14719,223.38637,3.08245,4.74000,3007.32438,2.09577
9/6/2007,105.16213,4.01440,3.05480,231.95138,2.15288,224.35592,3.08811,4.75000,3017.11650,2.10190
9/14/2007,105.13550,4.02512,3.06190,233.57108,2.15597,225.08002,3.10534,4.78000,3035.39353,2.11376
9/21/2007,105.35511,4.04795,3.07821,235.82769,2.16629,227.61199,3.13337,4.82000,3052.94883,2.12512
9/28/2007,105.33462,4.05476,3.08232,236.46970,2.16900,228.21718,3.14716,4.84000,3068.46637,2.13505
10/5/2007,105.59428,4.06630,3.09003,237.18951,2.17242,228.95423,3.15576,4.86000,3078.06106,2.14085
10/11/2007,105.71959,4.07335,3.09454,237.62792,2.17401,229.75362,3.16319,4.87000,3087.36680,2.14663
10/19/2007,105.63313,4.06828,3.08961,236.15024,2.17133,229.27399,3.15802,4.86000,3096.31420,2.15197
10/26/2007,105.51654,4.06383,3.08517,235.05308,2.16955,226.93479,3.15552,4.86000,3107.10182,2.15859
11/1/2007,105.58006,4.06942,3.08856,235.05960,2.17198,228.03928,3.16461,4.87000,3119.61234,2.16658
11/9/2007,105.79282,4.06947,3.08752,233.95187,2.17357,226.20018,3.16166,4.87000,3128.91076,2.17215
11/16/2007,106.03554,4.07774,3.09295,233.81583,2.17912,227.20038,3.16679,4.88000,3136.20153,2.17651
11/23/2007,106.14179,4.08546,3.09773,233.88922,2.18404,227.36477,3.17432,4.89000,3145.45597,2.18205
11/30/2007,106.74076,4.09709,3.10548,234.03666,2.19091,227.30527,3.18034,4.90000,3165.60193,2.19510
12/7/2007,107.10960,4.10526,3.11060,234.36213,2.19720,227.72494,3.18343,4.90000,3173.91052,2.19998
12/14/2007,107.49889,4.11393,3.11609,234.11513,2.19817,227.87869,3.19648,4.91000,3198.55910,2.21617
12/21/2007,107.89822,4.12284,3.12176,235.22454,2.20427,229.20393,3.21606,4.93000,3211.11644,2.22398
12/28/2007,108.10439,4.12995,3.12627,235.19849,2.20760,229.13355,3.22372,4.95000,3226.99198,2.23426
1/4/2008,108.55873,4.13799,3.13148,236.69532,2.21708,230.71745,3.23873,4.97000,3238.02194,2.24118
1/11/2008,108.90663,4.14706,3.13727,237.68328,2.22439,231.17715,3.24910,4.99000,3240.45540,2.24197
1/18/2008,109.25166,4.15600,3.14295,237.71064,2.23126,231.58600,3.25663,5.00000,3252.04417,2.24909
1/25/2008,109.43553,4.16444,3.14824,238.11418,2.23575,232.19952,3.26744,5.01000,3264.14510,2.25656
2/1/2008,109.41686,4.17136,3.15238,237.90353,2.23458,232.30179,3.27587,5.03000,3279.04764,2.26596
2/8/2008,109.53899,4.17667,3.15575,238.37575,2.23813,232.67204,3.28173,5.04000,3284.39560,2.26911
2/15/2008,109.71217,4.18567,3.16145,239.11169,2.24154,233.71501,3.29112,5.05000,3289.13911,2.27146
2/22/2008,110.03170,4.19796,3.16964,241.96397,2.25001,235.27161,3.31339,5.08000,3300.01900,2.27806
2/29/2008,110.23868,4.20670,3.17514,242.78154,2.25484,236.16316,3.32207,5.09000,3312.77775,2.28596
3/7/2008,110.23156,4.20927,3.17598,241.10785,2.25404,236.02460,3.31691,5.09000,3327.82233,2.29542
3/14/2008,110.12558,4.21038,3.17572,237.38343,2.24908,233.45998,3.30290,5.08000,3330.84401,2.29659
3/20/2008,110.19513,4.21609,3.17914,236.77097,2.24900,232.59992,3.30653,5.09000,3340.80846,2.30269
3/28/2008,110.44199,4.22485,3.18465,237.55501,2.25029,232.38980,3.31671,5.10000,3344.78360,2.30447
4/4/2008,110.71958,4.23737,3.19298,240.21452,2.26034,234.79197,3.33665,5.12522,3355.03026,2.31060
4/11/2008,110.90979,4.24638,3.19867,240.46401,2.26673,235.22373,3.34235,5.13421,3361.72333,2.31428
4/18/2008,110.97160,4.25282,3.20240,239.99474,2.26966,235.49939,3.34322,5.14009,3373.18198,2.32122
4/25/2008,111.18239,4.26321,3.20934,240.64931,2.27687,235.34356,3.35231,5.15369,3383.56953,2.32762
5/2/2008,111.29783,4.27511,3.21741,245.86777,2.28239,238.00896,3.39247,5.19431,3419.14569,2.35134
5/9/2008,111.77407,4.27668,3.21747,242.69115,2.28193,237.72698,3.37812,5.18906,3450.99012,2.37229
5/16/2008,111.95323,4.28908,3.22568,244.46151,2.28938,238.39365,3.40203,5.22037,3454.98622,2.37409
5/23/2008,112.27030,4.29530,3.22946,244.57894,2.29150,239.38286,3.41066,5.23428,3468.89087,2.38289
5/30/2008,112.41179,4.30328,3.23434,246.07259,2.29736,240.57274,3.42792,5.25489,3482.56848,2.39128
6/6/2008,112.87566,4.31056,3.23869,244.71440,2.30209,239.30177,3.42542,5.25751,3497.57529,2.40063
6/13/2008,113.25681,4.32052,3.24504,244.94361,2.31509,239.32345,3.43632,5.27817,3534.46514,2.42499
6/20/2008,113.42341,4.32967,3.25079,244.73779,2.32201,239.23976,3.44414,5.29471,3557.09274,2.43954
6/27/2008,113.74645,4.34264,3.25939,246.01997,2.33551,240.31292,3.46259,5.32127,3576.62997,2.45196
7/4/2008,113.91483,4.35116,3.26466,244.30546,2.34017,238.60898,3.45584,5.32750,3600.93250,2.46764
7/11/2008,113.92308,4.36150,3.27128,244.19235,2.34484,238.85264,3.46370,5.34308,3607.79600,2.47136
7/18/2008,114.22964,4.36990,3.27644,245.25732,2.35161,240.38922,3.48569,5.37149,3591.97985,2.45955
7/25/2008,114.49627,4.37757,3.28105,246.55720,2.35393,242.11233,3.50827,5.40000,3573.92977,2.44622
8/1/2008,114.85193,4.38629,3.28644,247.70928,2.34950,243.80383,3.52904,5.42407,3566.23908,2.43998
8/8/2008,115.00592,4.39677,3.29315,247.62545,2.34771,243.39934,3.53063,5.43653,3553.02310,2.42997
8/15/2008,115.18000,4.40627,3.29912,248.02630,2.35053,243.84001,3.52871,5.43623,3562.91418,2.43576
8/22/2008,115.33354,4.41531,3.30474,248.11211,2.35274,244.01450,3.52311,5.42670,3589.61920,2.45304
8/29/2008,115.60018,4.42672,3.31213,248.64701,2.35862,244.58176,3.52330,5.42560,3584.86172,2.44881
